source,Instrument,rows,date_min,date_max,missing_return,missing_close,missing_dollar_volume,missing_spread
returns,ADI.OQ,3229,2013-11-01,2026-09-04,0.0,,,
returns,AMD.OQ,3229,2013-11-01,2026-09-04,0.0,,,
returns,AMT.N,3229,2013-11-01,2026-09-04,0.0,,,
returns,AMZN.OQ,3229,2013-11-01,2026-09-04,0.0,,,
returns,ANET.N,3080,2014-06-09,2026-09-04,0.0,,,
returns,APTV.N,3229,2013-11-01,2026-09-04,0.0,,,
returns,AVGO.OQ,3229,2013-11-01,2026-09-04,0.0,,,
returns,CARR.N,1624,2020-03-20,2026-09-04,0.0,,,
returns,CDNS.OQ,3229,2013-11-01,2026-09-04,0.0,,,
returns,CIEN.N,3229,2013-11-01,2026-09-04,0.0,,,
returns,CSCO.OQ,3229,2013-11-01,2026-09-04,0.0,,,
returns,DELL.N,2513,2016-09-07,2026-09-04,0.0,,,
returns,DLR.N,3229,2013-11-01,2026-09-04,0.0,,,
returns,EQIX.OQ,3229,2013-11-01,2026-09-04,0.0,,,
returns,ETN.N,3229,2013-11-01,2026-09-04,0.0,,,
returns,GOOG.OQ,3129,2014-03-28,2026-09-04,0.0,,,
returns,HON.OQ,3229,2013-11-01,2026-09-04,0.0,,,
returns,HPE.N,2736,2015-10-19,2026-09-04,0.0,,,
returns,IBM.N,3229,2013-11-01,2026-09-04,0.0,,,
returns,INTC.OQ,3229,2013-11-01,2026-09-04,0.0,,,
returns,IRM.N,3229,2013-11-01,2026-09-04,0.0,,,
returns,ISRG.OQ,3229,2013-11-01,2026-09-04,0.0,,,
returns,JCI.N,3229,2013-11-01,2026-09-04,0.0,,,
returns,JNPR.N^G25,2932,2013-11-01,2025-07-01,0.0,,,
returns,META.OQ,3229,2013-11-01,2026-09-04,0.0,,,
returns,MPWR.OQ,3229,2013-11-01,2026-09-04,0.0,,,
returns,MRVL.OQ,3229,2013-11-01,2026-09-04,0.0,,,
returns,MSFT.OQ,3229,2013-11-01,2026-09-04,0.0,,,
returns,MU.OQ,3229,2013-11-01,2026-09-04,0.0,,,
returns,NOW.N,3229,2013-11-01,2026-09-04,0.0,,,
returns,NTAP.OQ,3229,2013-11-01,2026-09-04,0.0,,,
returns,NVDA.OQ,3229,2013-11-01,2026-09-04,0.0,,,
returns,NXPI.OQ,3229,2013-11-01,2026-09-04,0.0,,,
returns,ON.OQ,3229,2013-11-01,2026-09-04,0.0,,,
returns,ORCL.N,3229,2013-11-01,2026-09-04,0.0,,,
returns,PLTR.OQ,1489,2020-10-01,2026-09-04,0.0,,,
returns,QCOM.OQ,3229,2013-11-01,2026-09-04,0.0,,,
returns,ROK.N,3229,2013-11-01,2026-09-04,0.0,,,
returns,SNDK.OQ,392,2025-02-13,2026-09-04,0.0,,,
returns,SNPS.OQ,3229,2013-11-01,2026-09-04,0.0,,,
returns,SPY.P,3229,2013-11-01,2026-09-04,0.0,,,
returns,STX.OQ,3229,2013-11-01,2026-09-04,0.0,,,
returns,TER.OQ,3229,2013-11-01,2026-09-04,0.0,,,
returns,TRMB.OQ,3229,2013-11-01,2026-09-04,0.0,,,
returns,TSLA.OQ,3229,2013-11-01,2026-09-04,0.0,,,
returns,TT.N,3229,2013-11-01,2026-09-04,0.0,,,
returns,TXN.OQ,3229,2013-11-01,2026-09-04,0.0,,,
returns,VRT.N,2007,2018-07-31,2026-09-04,0.0,,,
returns,WDC.OQ,3229,2013-11-01,2026-09-04,0.0,,,
returns,ZBRA.OQ,3229,2013-11-01,2026-09-04,0.0,,,
prices,ADI.OQ,3229,2013-11-01,2026-09-04,,0.0,0.0,1.0
prices,AMD.OQ,3228,2013-11-04,2026-09-04,,0.0,0.0,0.0
prices,AMT.N,3229,2013-11-01,2026-09-04,,0.0,0.0,0.0
prices,AMZN.OQ,3228,2013-11-04,2026-09-04,,0.0,0.0,0.0
prices,ANET.N,3081,2014-06-06,2026-09-04,,0.0,0.0,0.0
prices,APTV.N,3229,2013-11-01,2026-09-04,,0.0,0.0,0.0
prices,AVGO.OQ,3228,2013-11-04,2026-09-04,,0.0,0.0,0.0
prices,CARR.N,1626,2020-03-18,2026-09-04,,1.0,1.0,0.0
prices,CDNS.OQ,3229,2013-11-01,2026-09-04,,0.0,0.0,0.0
prices,CIEN.N,3229,2013-11-01,2026-09-04,,0.0,0.0,0.0
prices,CSCO.OQ,3228,2013-11-04,2026-09-04,,0.0,0.0,0.0
prices,DELL.N,2513,2016-09-07,2026-09-04,,0.0,0.0,0.0
prices,DLR.N,3229,2013-11-01,2026-09-04,,0.0,0.0,0.0
prices,EQIX.OQ,3229,2013-11-01,2026-09-04,,0.0,0.0,0.0
prices,ETN.N,3228,2013-11-04,2026-09-04,,0.0,0.0,0.0
prices,GOOG.OQ,3130,2014-03-27,2026-09-04,,0.0,0.0,0.0
prices,HON.OQ,3229,2013-11-01,2026-09-04,,0.0,0.0,0.0
prices,HPE.N,2736,2015-10-19,2026-09-04,,0.0,0.0,0.0
prices,IBM.N,3228,2013-11-04,2026-09-04,,0.0,0.0,0.0
prices,INTC.OQ,3228,2013-11-04,2026-09-04,,0.0,0.0,0.0
prices,IRM.N,3229,2013-11-01,2026-09-04,,0.0,0.0,0.0
prices,ISRG.OQ,3229,2013-11-01,2026-09-04,,0.0,0.0,0.0
prices,JCI.N,3229,2013-11-01,2026-09-04,,0.0,0.0,0.0
prices,JNPR.N^G25,2932,2013-11-01,2025-07-01,,0.0,0.0,0.0
prices,META.OQ,3228,2013-11-04,2026-09-04,,0.0,0.0,0.0
prices,MPWR.OQ,3229,2013-11-01,2026-09-04,,0.0,0.0,0.0
prices,MRVL.OQ,3229,2013-11-01,2026-09-04,,0.0,0.0,0.0
prices,MSFT.OQ,3228,2013-11-04,2026-09-04,,0.0,0.0,0.0
prices,MU.OQ,3229,2013-11-01,2026-09-04,,0.0,0.0,0.0
prices,NOW.N,3228,2013-11-04,2026-09-04,,0.0,0.0,0.0
prices,NTAP.OQ,3229,2013-11-01,2026-09-04,,0.0,0.0,0.0
prices,NVDA.OQ,3228,2013-11-04,2026-09-04,,0.0,0.0,0.0
prices,NXPI.OQ,3229,2013-11-01,2026-09-04,,0.0,0.0,0.0
prices,ON.OQ,3229,2013-11-01,2026-09-04,,0.0,0.0,0.0
prices,ORCL.N,3228,2013-11-04,2026-09-04,,0.0,0.0,0.0
prices,PLTR.OQ,1490,2020-09-30,2026-09-04,,0.0,0.0,0.0
prices,QCOM.OQ,3228,2013-11-04,2026-09-04,,0.0,0.0,0.0
prices,ROK.N,3229,2013-11-01,2026-09-04,,0.0,0.0,0.0
prices,SNDK.OQ,392,2025-02-13,2026-09-04,,0.0,0.0,0.0
prices,SNPS.OQ,3229,2013-11-01,2026-09-04,,0.0,0.0,0.0
prices,SPY.P,3228,2013-11-04,2026-09-04,,0.0,0.0,1.0
prices,STX.OQ,3228,2013-11-04,2026-09-04,,0.0,0.0,0.0
prices,TER.OQ,3228,2013-11-04,2026-09-04,,0.0,0.0,0.0
prices,TRMB.OQ,3229,2013-11-01,2026-09-04,,0.0,0.0,0.0
prices,TSLA.OQ,3229,2013-11-01,2026-09-04,,0.0,0.0,0.0
prices,TT.N,3229,2013-11-01,2026-09-04,,0.0,0.0,0.0
prices,TXN.OQ,3228,2013-11-04,2026-09-04,,0.0,0.0,0.0
prices,VRT.N,2037,2018-07-30,2026-09-04,,51.0,31.0,0.0
prices,WDC.OQ,3228,2013-11-04,2026-09-04,,0.0,0.0,0.0
prices,ZBRA.OQ,3229,2013-11-01,2026-09-04,,0.0,0.0,0.0
