column,present_in_partition_csv,group,role,included_in_strict_main_predictors,source,timing_or_reason,missing_policy,source_panel_column_present
source_input_position,True,identifier_raw_or_provenance,identifier_or_audit,False,source panel,retained for audit/execution; not a default predictor,empty means missing; genuine numeric zero remains zero; no imputation in CSV export,True
Instrument,True,identifier_raw_or_provenance,identifier_or_audit,False,source panel,retained for audit/execution; not a default predictor,empty means missing; genuine numeric zero remains zero; no imputation in CSV export,True
history_ric,True,identifier_raw_or_provenance,identifier_or_audit,False,source panel,retained for audit/execution; not a default predictor,empty means missing; genuine numeric zero remains zero; no imputation in CSV export,True
date,True,identifier_raw_or_provenance,identifier_or_audit,False,source panel,retained for audit/execution; not a default predictor,empty means missing; genuine numeric zero remains zero; no imputation in CSV export,True
research_sector,True,classification,categorical_predictor,True,static current TRBC snapshot,not historical PIT classification; limitation retained,empty means missing; genuine numeric zero remains zero; no imputation in CSV export,True
sector_code,True,identifier_raw_or_provenance,identifier_or_audit,False,source panel,retained for audit/execution; not a default predictor,empty means missing; genuine numeric zero remains zero; no imputation in CSV export,True
partition,True,identifier_raw_or_provenance,identifier_or_audit,False,source panel,retained for audit/execution; not a default predictor,empty means missing; genuine numeric zero remains zero; no imputation in CSV export,True
entry_date,True,identifier_raw_or_provenance,identifier_or_audit,False,source panel,retained for audit/execution; not a default predictor,empty means missing; genuine numeric zero remains zero; no imputation in CSV export,True
label_end_date,True,identifier_raw_or_provenance,identifier_or_audit,False,source panel,retained for audit/execution; not a default predictor,empty means missing; genuine numeric zero remains zero; no imputation in CSV export,True
return_1d,True,identifier_raw_or_provenance,identifier_or_audit,False,source panel,retained for audit/execution; not a default predictor,empty means missing; genuine numeric zero remains zero; no imputation in CSV export,True
price,True,identifier_raw_or_provenance,identifier_or_audit,False,source panel,retained for audit/execution; not a default predictor,empty means missing; genuine numeric zero remains zero; no imputation in CSV export,True
volume,True,identifier_raw_or_provenance,identifier_or_audit,False,source panel,retained for audit/execution; not a default predictor,empty means missing; genuine numeric zero remains zero; no imputation in CSV export,True
volume_vendor_default,True,identifier_raw_or_provenance,identifier_or_audit,False,source panel,retained for audit/execution; not a default predictor,empty means missing; genuine numeric zero remains zero; no imputation in CSV export,True
turnover,True,identifier_raw_or_provenance,identifier_or_audit,False,source panel,retained for audit/execution; not a default predictor,empty means missing; genuine numeric zero remains zero; no imputation in CSV export,True
accumulated_volume_adjusted_0,True,identifier_raw_or_provenance,identifier_or_audit,False,source panel,retained for audit/execution; not a default predictor,empty means missing; genuine numeric zero remains zero; no imputation in CSV export,True
ret_1,True,technical_total_return,predictor,True,TR.TotalReturn rolling history,available at formation close; downstream execution starts t+1,empty means missing; genuine numeric zero remains zero; no imputation in CSV export,True
ret_5,True,technical_total_return,predictor,True,TR.TotalReturn rolling history,available at formation close; downstream execution starts t+1,empty means missing; genuine numeric zero remains zero; no imputation in CSV export,True
ret_20,True,technical_total_return,predictor,True,TR.TotalReturn rolling history,available at formation close; downstream execution starts t+1,empty means missing; genuine numeric zero remains zero; no imputation in CSV export,True
ret_60,True,technical_total_return,predictor,True,TR.TotalReturn rolling history,available at formation close; downstream execution starts t+1,empty means missing; genuine numeric zero remains zero; no imputation in CSV export,True
ret_120,True,technical_total_return,predictor,True,TR.TotalReturn rolling history,available at formation close; downstream execution starts t+1,empty means missing; genuine numeric zero remains zero; no imputation in CSV export,True
vol_20,True,technical_total_return,predictor,True,TR.TotalReturn rolling history,available at formation close; downstream execution starts t+1,empty means missing; genuine numeric zero remains zero; no imputation in CSV export,True
vol_60,True,technical_total_return,predictor,True,TR.TotalReturn rolling history,available at formation close; downstream execution starts t+1,empty means missing; genuine numeric zero remains zero; no imputation in CSV export,True
downside_20,True,technical_total_return,predictor,True,TR.TotalReturn rolling history,available at formation close; downstream execution starts t+1,empty means missing; genuine numeric zero remains zero; no imputation in CSV export,True
downside_60,True,technical_total_return,predictor,True,TR.TotalReturn rolling history,available at formation close; downstream execution starts t+1,empty means missing; genuine numeric zero remains zero; no imputation in CSV export,True
upshare_20,True,technical_total_return,predictor,True,TR.TotalReturn rolling history,available at formation close; downstream execution starts t+1,empty means missing; genuine numeric zero remains zero; no imputation in CSV export,True
momentum_20_minus_60,True,technical_total_return,predictor,True,TR.TotalReturn rolling history,available at formation close; downstream execution starts t+1,empty means missing; genuine numeric zero remains zero; no imputation in CSV export,True
ret_10,True,technical_total_return,predictor,True,TR.TotalReturn rolling history,available at formation close; downstream execution starts t+1,empty means missing; genuine numeric zero remains zero; no imputation in CSV export,True
ret_40,True,technical_total_return,predictor,True,TR.TotalReturn rolling history,available at formation close; downstream execution starts t+1,empty means missing; genuine numeric zero remains zero; no imputation in CSV export,True
ret_250,True,technical_total_return,predictor,True,TR.TotalReturn rolling history,available at formation close; downstream execution starts t+1,empty means missing; genuine numeric zero remains zero; no imputation in CSV export,True
momentum_60_excluding_5,True,technical_total_return,predictor,True,TR.TotalReturn rolling history,available at formation close; downstream execution starts t+1,empty means missing; genuine numeric zero remains zero; no imputation in CSV export,True
vol_5,True,technical_total_return,predictor,True,TR.TotalReturn rolling history,available at formation close; downstream execution starts t+1,empty means missing; genuine numeric zero remains zero; no imputation in CSV export,True
vol_120,True,technical_total_return,predictor,True,TR.TotalReturn rolling history,available at formation close; downstream execution starts t+1,empty means missing; genuine numeric zero remains zero; no imputation in CSV export,True
vol_ratio_20_60,True,technical_total_return,predictor,True,TR.TotalReturn rolling history,available at formation close; downstream execution starts t+1,empty means missing; genuine numeric zero remains zero; no imputation in CSV export,True
skew_20,True,technical_total_return,predictor,True,TR.TotalReturn rolling history,available at formation close; downstream execution starts t+1,empty means missing; genuine numeric zero remains zero; no imputation in CSV export,True
skew_60,True,technical_total_return,predictor,True,TR.TotalReturn rolling history,available at formation close; downstream execution starts t+1,empty means missing; genuine numeric zero remains zero; no imputation in CSV export,True
max_drawdown_20,True,technical_total_return,predictor,True,TR.TotalReturn rolling history,available at formation close; downstream execution starts t+1,empty means missing; genuine numeric zero remains zero; no imputation in CSV export,True
max_drawdown_60,True,technical_total_return,predictor,True,TR.TotalReturn rolling history,available at formation close; downstream execution starts t+1,empty means missing; genuine numeric zero remains zero; no imputation in CSV export,True
max_drawdown_120,True,technical_total_return,predictor,True,TR.TotalReturn rolling history,available at formation close; downstream execution starts t+1,empty means missing; genuine numeric zero remains zero; no imputation in CSV export,True
current_drawdown_60,True,technical_total_return,predictor,True,TR.TotalReturn rolling history,available at formation close; downstream execution starts t+1,empty means missing; genuine numeric zero remains zero; no imputation in CSV export,True
current_drawdown_120,True,technical_total_return,predictor,True,TR.TotalReturn rolling history,available at formation close; downstream execution starts t+1,empty means missing; genuine numeric zero remains zero; no imputation in CSV export,True
upshare_60,True,technical_total_return,predictor,True,TR.TotalReturn rolling history,available at formation close; downstream execution starts t+1,empty means missing; genuine numeric zero remains zero; no imputation in CSV export,True
return_q05_60,True,technical_total_return,predictor,True,TR.TotalReturn rolling history,available at formation close; downstream execution starts t+1,empty means missing; genuine numeric zero remains zero; no imputation in CSV export,True
max_abs_return_20,True,technical_total_return,predictor,True,TR.TotalReturn rolling history,available at formation close; downstream execution starts t+1,empty means missing; genuine numeric zero remains zero; no imputation in CSV export,True
gain_loss_ratio_20,True,technical_total_return,predictor,True,TR.TotalReturn rolling history,available at formation close; downstream execution starts t+1,empty means missing; genuine numeric zero remains zero; no imputation in CSV export,True
turnover_log1p,True,liquidity_dollar_turnover,predictor,True,TR.Turnover and TR.TotalReturn,available at formation close,empty means missing; genuine numeric zero remains zero; no imputation in CSV export,True
turnover_change_1d,True,liquidity_dollar_turnover,predictor,True,TR.Turnover and TR.TotalReturn,available at formation close,empty means missing; genuine numeric zero remains zero; no imputation in CSV export,True
turnover_z20,True,liquidity_dollar_turnover,predictor,True,TR.Turnover and TR.TotalReturn,available at formation close,empty means missing; genuine numeric zero remains zero; no imputation in CSV export,True
turnover_median_20,True,liquidity_dollar_turnover,predictor,True,TR.Turnover and TR.TotalReturn,available at formation close,empty means missing; genuine numeric zero remains zero; no imputation in CSV export,True
amihud_20,True,liquidity_dollar_turnover,predictor,True,TR.Turnover and TR.TotalReturn,available at formation close,empty means missing; genuine numeric zero remains zero; no imputation in CSV export,True
annual_assets,True,annual_pit_fundamental,predictor,True,annual LSEG fundamentals,effective on first frozen session after announcement; expires 550 days after period end,empty means missing; genuine numeric zero remains zero; no imputation in CSV export,True
annual_common_equity,True,annual_pit_fundamental,predictor,True,annual LSEG fundamentals,effective on first frozen session after announcement; expires 550 days after period end,empty means missing; genuine numeric zero remains zero; no imputation in CSV export,True
annual_debt,True,annual_pit_fundamental,predictor,True,annual LSEG fundamentals,effective on first frozen session after announcement; expires 550 days after period end,empty means missing; genuine numeric zero remains zero; no imputation in CSV export,True
annual_gross_profit,True,annual_pit_fundamental,predictor,True,annual LSEG fundamentals,effective on first frozen session after announcement; expires 550 days after period end,empty means missing; genuine numeric zero remains zero; no imputation in CSV export,True
annual_net_income,True,annual_pit_fundamental,predictor,True,annual LSEG fundamentals,effective on first frozen session after announcement; expires 550 days after period end,empty means missing; genuine numeric zero remains zero; no imputation in CSV export,True
annual_operating_cash_flow,True,annual_pit_fundamental,predictor,True,annual LSEG fundamentals,effective on first frozen session after announcement; expires 550 days after period end,empty means missing; genuine numeric zero remains zero; no imputation in CSV export,True
annual_revenue,True,annual_pit_fundamental,predictor,True,annual LSEG fundamentals,effective on first frozen session after announcement; expires 550 days after period end,empty means missing; genuine numeric zero remains zero; no imputation in CSV export,True
debt_assets,True,annual_pit_fundamental,predictor,True,annual LSEG fundamentals,effective on first frozen session after announcement; expires 550 days after period end,empty means missing; genuine numeric zero remains zero; no imputation in CSV export,True
gross_margin,True,annual_pit_fundamental,predictor,True,annual LSEG fundamentals,effective on first frozen session after announcement; expires 550 days after period end,empty means missing; genuine numeric zero remains zero; no imputation in CSV export,True
net_margin,True,annual_pit_fundamental,predictor,True,annual LSEG fundamentals,effective on first frozen session after announcement; expires 550 days after period end,empty means missing; genuine numeric zero remains zero; no imputation in CSV export,True
ni_assets,True,annual_pit_fundamental,predictor,True,annual LSEG fundamentals,effective on first frozen session after announcement; expires 550 days after period end,empty means missing; genuine numeric zero remains zero; no imputation in CSV export,True
ocf_assets,True,annual_pit_fundamental,predictor,True,annual LSEG fundamentals,effective on first frozen session after announcement; expires 550 days after period end,empty means missing; genuine numeric zero remains zero; no imputation in CSV export,True
revenue_yoy,True,annual_pit_fundamental,predictor,True,annual LSEG fundamentals,effective on first frozen session after announcement; expires 550 days after period end,empty means missing; genuine numeric zero remains zero; no imputation in CSV export,True
roe,True,annual_pit_fundamental,predictor,True,annual LSEG fundamentals,effective on first frozen session after announcement; expires 550 days after period end,empty means missing; genuine numeric zero remains zero; no imputation in CSV export,True
market_cap,True,daily_valuation_raw,audit,False,LSEG valuation,raw level retained for audit; not a default predictor,empty means missing; genuine numeric zero remains zero; no imputation in CSV export,True
pe,True,daily_valuation_raw,audit,False,LSEG valuation,raw level retained for audit; not a default predictor,empty means missing; genuine numeric zero remains zero; no imputation in CSV export,True
pb,True,daily_valuation_raw,audit,False,LSEG valuation,raw level retained for audit; not a default predictor,empty means missing; genuine numeric zero remains zero; no imputation in CSV export,True
log_market_cap,True,daily_valuation,predictor,True,LSEG valuation,exact effective-date match; no forward fill,empty means missing; genuine numeric zero remains zero; no imputation in CSV export,True
earnings_yield,True,daily_valuation,predictor,True,LSEG valuation,exact effective-date match; no forward fill,empty means missing; genuine numeric zero remains zero; no imputation in CSV export,True
book_yield,True,daily_valuation,predictor,True,LSEG valuation,exact effective-date match; no forward fill,empty means missing; genuine numeric zero remains zero; no imputation in CSV export,True
dividend_yield,True,daily_valuation,predictor,True,LSEG valuation,exact effective-date match; no forward fill,empty means missing; genuine numeric zero remains zero; no imputation in CSV export,True
date_in_fixed_calendar,True,audit_mask,audit,False,derived in frozen export or source panel,not a default predictor,empty means missing; genuine numeric zero remains zero; no imputation in CSV export,True
label_future_complete,True,audit_mask,audit,False,derived in frozen export or source panel,not a default predictor,empty means missing; genuine numeric zero remains zero; no imputation in CSV export,True
label_within_partition,True,audit_mask,audit,False,derived in frozen export or source panel,not a default predictor,empty means missing; genuine numeric zero remains zero; no imputation in CSV export,True
source_feature_available_37,True,audit_mask,audit,False,derived in frozen export or source panel,not a default predictor,empty means missing; genuine numeric zero remains zero; no imputation in CSV export,False
history_scope_eligible,True,audit_mask,audit,False,derived in frozen export or source panel,not a default predictor,empty means missing; genuine numeric zero remains zero; no imputation in CSV export,False
sector_available,True,audit_mask,audit,False,derived in frozen export or source panel,not a default predictor,empty means missing; genuine numeric zero remains zero; no imputation in CSV export,False
label_eligible,True,audit_mask,audit,False,derived in frozen export or source panel,not a default predictor,empty means missing; genuine numeric zero remains zero; no imputation in CSV export,True
strict_market_feature_available_34,True,audit_mask,audit,False,derived in frozen export or source panel,not a default predictor,empty means missing; genuine numeric zero remains zero; no imputation in CSV export,False
score_eligible,True,audit_mask,audit,False,derived in frozen export or source panel,not a default predictor,empty means missing; genuine numeric zero remains zero; no imputation in CSV export,False
supervised_eligible,True,audit_mask,audit,False,derived in frozen export or source panel,not a default predictor,empty means missing; genuine numeric zero remains zero; no imputation in CSV export,False
pit_feature_available_m1,True,other,audit,False,source panel,review before use,empty means missing; genuine numeric zero remains zero; no imputation in CSV export,False
m1_supervised_eligible,True,audit_mask,audit,False,derived in frozen export or source panel,not a default predictor,empty means missing; genuine numeric zero remains zero; no imputation in CSV export,False
annual_nonmissing_count,True,audit_mask,audit,False,derived in frozen export or source panel,not a default predictor,empty means missing; genuine numeric zero remains zero; no imputation in CSV export,False
valuation_nonmissing_count,True,audit_mask,audit,False,derived in frozen export or source panel,not a default predictor,empty means missing; genuine numeric zero remains zero; no imputation in CSV export,False
strict_predictor_nonmissing_count,True,audit_mask,audit,False,derived in frozen export or source panel,not a default predictor,empty means missing; genuine numeric zero remains zero; no imputation in CSV export,False
abnormal_return_flag,True,audit_mask,audit,False,derived in frozen export or source panel,not a default predictor,empty means missing; genuine numeric zero remains zero; no imputation in CSV export,True
valuation_exact_match,True,audit_mask,audit,False,derived in frozen export or source panel,not a default predictor,empty means missing; genuine numeric zero remains zero; no imputation in CSV export,True
market_cap_calcdate,True,identifier_raw_or_provenance,identifier_or_audit,False,source panel,retained for audit/execution; not a default predictor,empty means missing; genuine numeric zero remains zero; no imputation in CSV export,True
pe_calcdate,True,identifier_raw_or_provenance,identifier_or_audit,False,source panel,retained for audit/execution; not a default predictor,empty means missing; genuine numeric zero remains zero; no imputation in CSV export,True
pb_calcdate,True,identifier_raw_or_provenance,identifier_or_audit,False,source panel,retained for audit/execution; not a default predictor,empty means missing; genuine numeric zero remains zero; no imputation in CSV export,True
dividend_yield_calcdate,True,identifier_raw_or_provenance,identifier_or_audit,False,source panel,retained for audit/execution; not a default predictor,empty means missing; genuine numeric zero remains zero; no imputation in CSV export,True
target_return_5d,True,target,target,False,TR.TotalReturn t+2 through t+6,boundary-purged; never a predictor,empty means missing; genuine numeric zero remains zero; no imputation in CSV export,True
target_up,True,target,target,False,TR.TotalReturn t+2 through t+6,boundary-purged; never a predictor,empty means missing; genuine numeric zero remains zero; no imputation in CSV export,True
volume_log1p,False,share_volume_excluded,excluded_predictor,False,TR.AccumulatedVolume(Adjusted=0),excluded until split-adjusted volume is independently verified,empty means missing; genuine numeric zero remains zero; no imputation in CSV export,True
volume_change_1d,False,share_volume_excluded,excluded_predictor,False,TR.AccumulatedVolume(Adjusted=0),excluded until split-adjusted volume is independently verified,empty means missing; genuine numeric zero remains zero; no imputation in CSV export,True
volume_z20,False,share_volume_excluded,excluded_predictor,False,TR.AccumulatedVolume(Adjusted=0),excluded until split-adjusted volume is independently verified,empty means missing; genuine numeric zero remains zero; no imputation in CSV export,True
