ric,name,delisted_ric,member_from,member_to,member_days,fetch_start,fetch_end
A.N,,False,2015-01-01,2026-09-07,4267,2013-11-27,2026-09-07
AA.N,Alcoa Corp,False,2016-11-01,2016-11-01,0,2015-09-28,2016-11-11
AABA.OQ^J19,Altaba,True,2015-01-01,2017-06-18,899,2013-11-27,2017-06-28
AAL.OQ,American Airline,False,2015-03-23,2024-09-22,3471,2014-02-16,2024-10-02
AAP.N,Advance Auto,False,2015-07-09,2023-08-24,2968,2014-06-04,2023-09-03
AAPL.OQ,,False,2015-01-01,2026-09-07,4267,2013-11-27,2026-09-07
ABBV.N,AbbVie,False,2015-01-01,2026-09-07,4267,2013-11-27,2026-09-07
ABMD.OQ^L22,Abiomed,True,2018-05-31,2022-12-21,1665,2017-04-26,2022-12-31
ABNB.OQ,Airbnb,False,2023-09-18,2026-09-07,1085,2022-08-14,2026-09-07
ABT.N,,False,2015-01-01,2026-09-07,4267,2013-11-27,2026-09-07
ACGL.OQ,Arch Capital Grp,False,2022-11-01,2026-09-07,1406,2021-09-27,2026-09-07
ACN.N,Accenture,False,2015-01-01,2026-09-07,4267,2013-11-27,2026-09-07
ADBE.OQ,,False,2015-01-01,2026-09-07,4267,2013-11-27,2026-09-07
ADI.OQ,,False,2015-01-01,2026-09-07,4267,2013-11-27,2026-09-07
ADM.N,,False,2015-01-01,2026-09-07,4267,2013-11-27,2026-09-07
ADNT.N,Adient,False,2016-10-31,2016-10-31,0,2015-09-27,2016-11-10
ADP.OQ,,False,2015-01-01,2026-09-07,4267,2013-11-27,2026-09-07
ADSK.OQ,,False,2015-01-01,2026-09-07,4267,2013-11-27,2026-09-07
ADT.N^E16,ADT Security,True,2015-01-01,2016-05-02,487,2013-11-27,2016-05-12
AEE.N,,False,2015-01-01,2026-09-07,4267,2013-11-27,2026-09-07
AEP.OQ,,False,2015-01-01,2026-09-07,4267,2013-11-27,2026-09-07
AES.N,,False,2015-01-01,2026-09-07,4267,2013-11-27,2026-09-07
AET.N^K18,Aetna,True,2015-01-01,2018-12-02,1431,2013-11-27,2018-12-12
AFL.N,,False,2015-01-01,2026-09-07,4267,2013-11-27,2026-09-07
AGN.N^C15,Allerg,True,2015-01-01,2015-03-22,80,2013-11-27,2015-04-01
AGN.N^E20,Allergan,True,2015-01-01,2020-05-11,1957,2013-11-27,2020-05-21
AIG.N,,False,2015-01-01,2026-09-07,4267,2013-11-27,2026-09-07
AIRC.N^F24,Apartment Income,True,2020-12-15,2020-12-20,5,2019-11-11,2020-12-30
AIV.N,Aimco,False,2015-01-01,2020-12-20,2180,2013-11-27,2020-12-30
AIZ.N,,False,2015-01-01,2026-09-07,4267,2013-11-27,2026-09-07
AJG.N,Arthur J. Gallag,False,2016-05-31,2026-09-07,3751,2015-04-27,2026-09-07
AKAM.OQ,,False,2015-01-01,2026-09-07,4267,2013-11-27,2026-09-07
ALB.N,Albemarle,False,2016-07-01,2026-09-07,3720,2015-05-28,2026-09-07
ALGN.OQ,Align Technology,False,2017-06-19,2026-09-07,3367,2016-05-15,2026-09-07
ALK.N,Alaska Air Group,False,2016-05-13,2023-12-17,2774,2015-04-09,2023-12-27
ALL.N,,False,2015-01-01,2026-09-07,4267,2013-11-27,2026-09-07
ALLE.N,Allegion,False,2015-01-01,2026-09-07,4267,2013-11-27,2026-09-07
ALTR.OQ^L15,Altera,True,2015-01-01,2015-12-28,361,2013-11-27,2016-01-07
ALXN.OQ^G21,Alexion Pharmas,True,2015-01-01,2021-07-20,2392,2013-11-27,2021-07-30
AMAT.OQ,,False,2015-01-01,2026-09-07,4267,2013-11-27,2026-09-07
AMCR.N,Amcr,False,2019-06-07,2026-09-07,2649,2018-05-03,2026-09-07
AMD.OQ,AMD,False,2017-03-20,2026-09-07,3458,2016-02-14,2026-09-07
AME.N,Ametek,False,2015-01-01,2026-09-07,4267,2013-11-27,2026-09-07
AMG.N,Affiliated Mngrs,False,2015-01-01,2019-12-22,1816,2013-11-27,2020-01-01
AMGN.OQ,,False,2015-01-01,2026-09-07,4267,2013-11-27,2026-09-07
AMP.N,,False,2015-01-01,2026-09-07,4267,2013-11-27,2026-09-07
AMT.N,,False,2015-01-01,2026-09-07,4267,2013-11-27,2026-09-07
AMTM.N,Amentum Hldgs,False,2024-09-30,2024-12-22,83,2023-08-27,2025-01-01
AMZN.OQ,,False,2015-01-01,2026-09-07,4267,2013-11-27,2026-09-07
AN.N,AutoNation,False,2015-01-01,2017-08-07,949,2013-11-27,2017-08-17
ANDV.N^J18,Andeavor US,True,2015-01-01,2018-09-30,1368,2013-11-27,2018-10-10
ANET.N,Arista Networks,False,2018-08-28,2026-09-07,2932,2017-07-24,2026-09-07
ANSS.OQ^G25,Ansys Inc,True,2017-06-19,2025-07-17,2950,2016-05-15,2025-07-27
AON.N,,False,2015-01-01,2026-09-07,4267,2013-11-27,2026-09-07
AOS.N,A O Smith,False,2017-07-26,2026-09-07,3330,2016-06-21,2026-09-07
APA.OQ,,False,2015-01-01,2026-09-07,4267,2013-11-27,2026-09-07
APC.N^H19,Anadarko Petrol,True,2015-01-01,2019-08-08,1680,2013-11-27,2019-08-18
APD.N,,False,2015-01-01,2026-09-07,4267,2013-11-27,2026-09-07
APH.N,,False,2015-01-01,2026-09-07,4267,2013-11-27,2026-09-07
APO.N,Apollo Global,False,2024-12-23,2026-09-07,623,2023-11-19,2026-09-07
APP.OQ,Applovin,False,2025-09-22,2026-09-07,350,2024-08-18,2026-09-07
APTV.N,APTIV,False,2015-01-01,2026-09-07,4267,2013-11-27,2026-09-07
ARE.N,Alexandria Rl EE,False,2017-03-20,2026-09-07,3458,2016-02-14,2026-09-07
ARES.N,Ares Management,False,2025-12-11,2026-09-07,270,2024-11-06,2026-09-07
ARG.N^E16,Airgas,True,2015-01-01,2016-05-22,507,2013-11-27,2016-06-01
ASIX.N,AdvanSix,False,2016-10-03,2016-10-03,0,2015-08-30,2016-10-13
ATI.N,ATI,False,2015-01-01,2015-07-01,181,2013-11-27,2015-07-11
ATO.N,Atmos Energy,False,2019-02-15,2026-09-07,2761,2018-01-11,2026-09-07
ATVI.OQ^J23,Activision,True,2015-08-31,2023-10-17,2969,2014-07-27,2023-10-27
AVB.N^H26,Avalonbay US,True,2015-01-01,2026-08-17,4246,2013-11-27,2026-08-27
AVGO.OQ,Broadcom,False,2015-01-01,2026-09-07,4267,2013-11-27,2026-09-07
AVP.N^A20,Avon Prdcts,True,2015-01-01,2015-03-22,80,2013-11-27,2015-04-01
AVY.N,,False,2015-01-01,2026-09-07,4267,2013-11-27,2026-09-07
AWK.N,American Water,False,2016-03-04,2026-09-07,3839,2015-01-29,2026-09-07
AXON.OQ,Axon Enterprise,False,2023-05-04,2026-09-07,1222,2022-03-30,2026-09-07
AXP.N,,False,2015-01-01,2026-09-07,4267,2013-11-27,2026-09-07
AYI.N,Acuity,False,2016-05-03,2018-06-17,775,2015-03-30,2018-06-27
AZO.N,,False,2015-01-01,2026-09-07,4267,2013-11-27,2026-09-07
BA.N,,False,2015-01-01,2026-09-07,4267,2013-11-27,2026-09-07
BAC.N,,False,2015-01-01,2026-09-07,4267,2013-11-27,2026-09-07
BALL.N,,False,2015-01-01,2026-09-07,4267,2013-11-27,2026-09-07
BAX.N,,False,2015-01-01,2026-09-07,4267,2013-11-27,2026-09-07
BBBY.OQ^E23,20230930-DK,True,2015-01-01,2017-07-25,936,2013-11-27,2017-08-04
BBWI.N,Bath & Body,False,2015-01-01,2024-09-30,3560,2013-11-27,2024-10-10
BBY.N,,False,2015-01-01,2026-09-07,4267,2013-11-27,2026-09-07
BCR.N^L17,CR Bard,True,2015-01-01,2018-01-02,1097,2013-11-27,2018-01-12
BDX.N,,False,2015-01-01,2026-09-07,4267,2013-11-27,2026-09-07
BEN.N,,False,2015-01-01,2026-09-07,4267,2013-11-27,2026-09-07
BFH.N,Bread Fincl Hldg,False,2015-01-01,2020-06-21,1998,2013-11-27,2020-07-01
BFb.N,,False,2015-01-01,2026-09-07,4267,2013-11-27,2026-09-07
BG.N,Bunge Global SA,False,2023-03-15,2026-09-07,1272,2022-02-08,2026-09-07
BHF.OQ,Brighthouse,False,2017-08-07,2019-04-02,603,2016-07-03,2019-04-12
BIIB.OQ,,False,2015-01-01,2026-09-07,4267,2013-11-27,2026-09-07
BIO.N,Bio Rad,False,2020-06-22,2024-09-22,1553,2019-05-19,2024-10-02
BIVV.OQ^C18,Bioverativ,True,2017-02-02,2017-02-02,0,2015-12-30,2017-02-12
BKNG.OQ,,False,2015-01-01,2026-09-07,4267,2013-11-27,2026-09-07
BKR.OQ,,False,2015-01-01,2026-09-07,4267,2013-11-27,2026-09-07
BLDR.N,Builders FrstSrc,False,2023-12-18,2026-09-07,994,2022-11-13,2026-09-07
BLK.N,BlackRock,False,2015-01-01,2026-09-07,4267,2013-11-27,2026-09-07
BMY.N,,False,2015-01-01,2026-09-07,4267,2013-11-27,2026-09-07
BNY.N,,False,2015-01-01,2026-09-07,4267,2013-11-27,2026-09-07
BR.N,Broadridge,False,2018-06-18,2026-09-07,3003,2017-05-14,2026-09-07
BRCM.OQ^B16,Broadcom Co,True,2015-01-01,2016-01-31,395,2013-11-27,2016-02-10
BRKb.N,Berkshire,False,2015-01-01,2026-09-07,4267,2013-11-27,2026-09-07
BRO.N,Brown & Brown,False,2021-09-20,2026-09-07,1813,2020-08-16,2026-09-07
BSX.N,,False,2015-01-01,2026-09-07,4267,2013-11-27,2026-09-07
BWA.N,Borgwarner,False,2015-01-01,2025-03-23,3734,2013-11-27,2025-04-02
BX.N,Blackstone DE,False,2023-09-18,2026-09-07,1085,2022-08-14,2026-09-07
BXLT.N^F16,Baxalta,True,2015-07-01,2016-06-02,337,2014-05-27,2016-06-12
BXP.N,,False,2015-01-01,2026-09-07,4267,2013-11-27,2026-09-07
C.N,,False,2015-01-01,2026-09-07,4267,2013-11-27,2026-09-07
CA.OQ^K18,CA,True,2015-01-01,2018-11-05,1404,2013-11-27,2018-11-15
CAG.N,Conagra Brands,False,2015-01-01,2026-06-29,4197,2013-11-27,2026-07-09
CAH.N,,False,2015-01-01,2026-09-07,4267,2013-11-27,2026-09-07
CAM.N^D16,Cameron Intl,True,2015-01-01,2016-04-03,458,2013-11-27,2016-04-13
CARR.N,Carrier Global,False,2020-04-03,2026-09-07,2348,2019-02-28,2026-09-07
CARS.N,Cars.com,False,2017-06-01,2017-06-01,0,2016-04-27,2017-06-11
CASY.OQ,Caseys General,False,2026-04-09,2026-09-07,151,2025-03-05,2026-09-07
CAT.N,,False,2015-01-01,2026-09-07,4267,2013-11-27,2026-09-07
CB.N,Chubb Ltd CH,False,2015-01-01,2026-09-07,4267,2013-11-27,2026-09-07
CB.N^A16,Chubb NJ,True,2015-01-01,2016-01-18,382,2013-11-27,2016-01-28
CBOE.Z,Cboe Glo Markets,False,2017-03-01,2026-09-07,3477,2016-01-26,2026-09-07
CBRE.N,,False,2015-01-01,2026-09-07,4267,2013-11-27,2026-09-07
CCEP.OQ,Coca-Cola UK,False,2015-01-01,2016-05-30,515,2013-11-27,2016-06-09
CCI.N,Crown Castle,False,2015-01-01,2026-09-07,4267,2013-11-27,2026-09-07
CCL.N,,False,2015-01-01,2026-09-07,4267,2013-11-27,2026-09-07
CDNS.OQ,Cadence Design,False,2017-09-18,2026-09-07,3276,2016-08-14,2026-09-07
CDW.OQ,CDW Corp,False,2019-09-23,2026-09-07,2541,2018-08-19,2026-09-07
CE.N,Celanese US DE,False,2018-12-24,2025-03-23,2281,2017-11-19,2025-04-02
CEG.OQ,Constellation PA,False,2022-02-02,2026-09-07,1678,2020-12-29,2026-09-07
CELG.OQ^K19,Celgene,True,2015-01-01,2019-11-20,1784,2013-11-27,2019-11-30
CERN.OQ^F22,Cerner,True,2015-01-01,2022-06-07,2714,2013-11-27,2022-06-17
CF.N,,False,2015-01-01,2026-09-07,4267,2013-11-27,2026-09-07
CFG.N,Citizns Fncl,False,2016-02-01,2026-09-07,3871,2014-12-28,2026-09-07
CFN.N^C15,Carefusion,True,2015-01-01,2015-03-17,75,2013-11-27,2015-03-27
CHD.N,Church & Dwight,False,2015-12-29,2026-09-07,3905,2014-11-24,2026-09-07
CHK.N^F20,Expand Energy,True,2015-01-01,2018-03-18,1172,2013-11-27,2018-03-28
CHRW.OQ,,False,2015-01-01,2026-09-07,4267,2013-11-27,2026-09-07
CHTR.OQ,Charter Commns,False,2016-09-08,2026-09-07,3651,2015-08-05,2026-09-07
CHX.OQ^G25,ChampionX,True,2018-05-09,2018-05-09,0,2017-04-04,2018-05-19
CI.N,,False,2015-01-01,2026-09-07,4267,2013-11-27,2026-09-07
CIEN.N,Ciena,False,2026-02-09,2026-09-07,210,2025-01-05,2026-09-07
CINF.OQ,,False,2015-01-01,2026-09-07,4267,2013-11-27,2026-09-07
CL.N,,False,2015-01-01,2026-09-07,4267,2013-11-27,2026-09-07
CLX.N,,False,2015-01-01,2026-09-07,4267,2013-11-27,2026-09-07
CMA.N^B26,Comerica,True,2015-01-01,2024-06-23,3461,2013-11-27,2024-07-03
CMCSA.OQ,,False,2015-01-01,2026-09-07,4267,2013-11-27,2026-09-07
CMCSK.OQ^L15,Comcast,True,2015-09-21,2015-12-13,83,2014-08-17,2015-12-23
CME.OQ,,False,2015-01-01,2026-09-07,4267,2013-11-27,2026-09-07
CMG.N,Chipotle Mexican,False,2015-01-01,2026-09-07,4267,2013-11-27,2026-09-07
CMI.N,,False,2015-01-01,2026-09-07,4267,2013-11-27,2026-09-07
CMS.N,,False,2015-01-01,2026-09-07,4267,2013-11-27,2026-09-07
CNC.N,Centene,False,2016-03-30,2026-09-07,3813,2015-02-24,2026-09-07
CNDT.OQ,Conduent,False,2017-01-03,2017-01-03,0,2015-11-30,2017-01-13
CNP.N,,False,2015-01-01,2026-09-07,4267,2013-11-27,2026-09-07
CNX.N,CNX Resources,False,2015-01-01,2016-03-03,427,2013-11-27,2016-03-13
COF.N,,False,2015-01-01,2026-09-07,4267,2013-11-27,2026-09-07
COHR.N,Coherent PA,False,2026-03-23,2026-09-07,168,2025-02-16,2026-09-07
COIN.OQ,Coinbase Glo,False,2025-05-19,2026-09-07,476,2024-04-14,2026-09-07
COL.N^K18,Rockwell Collins,True,2015-01-01,2018-12-02,1431,2013-11-27,2018-12-12
COO.OQ,Cooper,False,2016-09-23,2026-09-07,3636,2015-08-20,2026-09-07
COP.N,,False,2015-01-01,2026-09-07,4267,2013-11-27,2026-09-07
COR.N,,False,2015-01-01,2026-09-07,4267,2013-11-27,2026-09-07
COST.OQ,,False,2015-01-01,2026-09-07,4267,2013-11-27,2026-09-07
COTY.N,Coty,False,2016-10-03,2020-09-20,1448,2015-08-30,2020-09-30
COV.N^A15,Covidien,True,2015-01-01,2015-01-26,25,2013-11-27,2015-02-05
CPAY.N,Corpay,False,2018-06-20,2026-09-07,3001,2017-05-16,2026-09-07
CPB.OQ,Campbell's Co,False,2015-01-01,2026-06-21,4189,2013-11-27,2026-07-01
CPGX.N^G16,Columbia Inc,True,2015-07-02,2016-07-05,369,2014-05-28,2016-07-15
CPRI.N,Capri Holdings,False,2015-01-01,2020-05-11,1957,2013-11-27,2020-05-21
CPRT.OQ,Copart,False,2018-07-02,2026-09-07,2989,2017-05-28,2026-09-07
CPT.N,Camden Property,False,2022-04-04,2026-09-07,1617,2021-02-28,2026-09-07
CRH.N,CRH,False,2025-12-22,2026-09-07,259,2024-11-17,2026-09-07
CRL.N,Charles River Lb,False,2021-05-14,2026-09-07,1942,2020-04-09,2026-09-07
CRM.N,,False,2015-01-01,2026-09-07,4267,2013-11-27,2026-09-07
CRWD.OQ,CrowdStrike Hldg,False,2024-06-24,2026-09-07,805,2023-05-21,2026-09-07
CSCO.OQ,,False,2015-01-01,2026-09-07,4267,2013-11-27,2026-09-07
CSGP.OQ,Costar Grp,False,2022-09-19,2026-09-07,1449,2021-08-15,2026-09-07
CSRA.N^D18,CSRA,True,2015-11-30,2018-04-03,855,2014-10-26,2018-04-13
CSX.OQ,,False,2015-01-01,2026-09-07,4267,2013-11-27,2026-09-07
CTAS.OQ,,False,2015-01-01,2026-09-07,4267,2013-11-27,2026-09-07
CTLT.N^L24,Catalent,True,2020-09-21,2024-12-22,1553,2019-08-18,2025-01-01
CTRA.N^E26,Coterra Energy,True,2015-01-01,2026-05-06,4143,2013-11-27,2026-05-16
CTSH.OQ,,False,2015-01-01,2026-09-07,4267,2013-11-27,2026-09-07
CTVA.N,Corteva,False,2019-06-03,2026-09-07,2653,2018-04-29,2026-09-07
CTXS.OQ^J22,Citrix Systems,True,2015-01-01,2022-10-02,2831,2013-11-27,2022-10-12
CVC.N^F16,Cablevision syst,True,2015-01-01,2016-06-23,539,2013-11-27,2016-07-03
CVET.OQ^J22,Covetrus,True,2019-02-08,2019-02-10,2,2018-01-04,2019-02-20
CVNA.N,Carvana,False,2025-12-22,2026-09-07,259,2024-11-17,2026-09-07
CVS.N,,False,2015-01-01,2026-09-07,4267,2013-11-27,2026-09-07
CVX.N,,False,2015-01-01,2026-09-07,4267,2013-11-27,2026-09-07
CXO.N^A21,Concho Resources,True,2016-02-22,2021-01-20,1794,2015-01-18,2021-01-30
CZR.OQ,Caesars Entertai,False,2021-03-22,2025-09-21,1644,2020-02-16,2025-10-01
D.N,,False,2015-01-01,2026-09-07,4267,2013-11-27,2026-09-07
DAL.N,Delta Air,False,2015-01-01,2026-09-07,4267,2013-11-27,2026-09-07
DASH.OQ,DoorDash,False,2025-03-24,2026-09-07,532,2024-02-18,2026-09-07
DAY.N^B26,Dayforce,True,2021-09-20,2026-02-08,1602,2020-08-16,2026-02-18
DD.N,Dupont De,False,2017-09-01,2026-09-07,3293,2016-07-28,2026-09-07
DD.N^I17,EIDP,True,2015-01-01,2017-08-31,973,2013-11-27,2017-09-10
DDOG.OQ,Datadog NV,False,2025-07-09,2026-09-07,425,2024-06-04,2026-09-07
DE.N,,False,2015-01-01,2026-09-07,4267,2013-11-27,2026-09-07
DECK.N,Deckers Outdoor,False,2024-03-18,2026-09-07,903,2023-02-12,2026-09-07
DELL.N,Dell Tech TX,False,2016-09-07,2026-09-07,3652,2015-08-04,2026-09-07
DFS.N^E25,Discover Fincl,True,2015-01-01,2025-05-18,3790,2013-11-27,2025-05-28
DG.N,Dollar General,False,2015-01-01,2026-09-07,4267,2013-11-27,2026-09-07
DGX.N,,False,2015-01-01,2026-09-07,4267,2013-11-27,2026-09-07
DHI.N,,False,2015-01-01,2026-09-07,4267,2013-11-27,2026-09-07
DHR.N,,False,2015-01-01,2026-09-07,4267,2013-11-27,2026-09-07
DINO.N,HF Sinclair,False,2018-06-18,2021-06-03,1081,2017-05-14,2021-06-13
DIS.N,,False,2015-01-01,2026-09-07,4267,2013-11-27,2026-09-07
DISCK.OQ^D22,Warner Bros Dis,True,2015-01-01,2022-04-10,2656,2013-11-27,2022-04-20
DISH.OQ^A24,DISH Network,True,2017-03-13,2023-06-19,2289,2016-02-07,2023-06-29
DLPH.N^J20,Phinia Holdings,True,2017-12-05,2017-12-05,0,2016-10-31,2017-12-15
DLR.N,Digital Realty,False,2016-05-18,2026-09-07,3764,2015-04-14,2026-09-07
DLTR.OQ,Dollar Tree,False,2015-01-01,2026-09-07,4267,2013-11-27,2026-09-07
DNB.N^B19,Dun & Bradstreet,True,2015-01-01,2017-04-04,824,2013-11-27,2017-04-14
DNR.N^G20,Denbury,True,2015-01-01,2015-03-22,80,2013-11-27,2015-04-01
DO.N^D20,Diamond Offshore,True,2015-01-01,2016-10-02,640,2013-11-27,2016-10-12
DOC.N,,False,2015-01-01,2026-09-07,4267,2013-11-27,2026-09-07
DOV.N,,False,2015-01-01,2026-09-07,4267,2013-11-27,2026-09-07
DOW.N,Dow,False,2019-04-02,2026-09-07,2715,2018-02-26,2026-09-07
DOW.N^I17,Dow Chem,True,2015-01-01,2017-08-31,973,2013-11-27,2017-09-10
DPZ.OQ,Dominos Pizza,False,2020-05-12,2026-09-07,2309,2019-04-08,2026-09-07
DRE.N^J22,Duke Realty,True,2017-07-26,2022-10-02,1894,2016-06-21,2022-10-12
DRI.N,,False,2015-01-01,2026-09-07,4267,2013-11-27,2026-09-07
DTE.N,,False,2015-01-01,2026-09-07,4267,2013-11-27,2026-09-07
DTM.N,DT Midstream,False,2021-07-01,2021-07-01,0,2020-05-27,2021-07-11
DTV.OQ^G15,DIRCTV,True,2015-01-01,2015-07-28,208,2013-11-27,2015-08-07
DUK.N,,False,2015-01-01,2026-09-07,4267,2013-11-27,2026-09-07
DVA.N,,False,2015-01-01,2026-09-07,4267,2013-11-27,2026-09-07
DVN.N,,False,2015-01-01,2026-09-07,4267,2013-11-27,2026-09-07
DXC.N,DXC Tech,False,2015-01-01,2023-10-02,3196,2013-11-27,2023-10-12
DXCM.OQ,Dexcom,False,2020-05-12,2026-09-07,2309,2019-04-08,2026-09-07
EA.OQ^H26,Electronic Arts,True,2015-01-01,2026-08-04,4233,2013-11-27,2026-08-14
EBAY.OQ,,False,2015-01-01,2026-09-07,4267,2013-11-27,2026-09-07
ECHO.OQ,EchoStar,False,2026-03-23,2026-09-07,168,2025-02-16,2026-09-07
ECL.N,,False,2015-01-01,2026-09-07,4267,2013-11-27,2026-09-07
ED.N,,False,2015-01-01,2026-09-07,4267,2013-11-27,2026-09-07
EFX.N,,False,2015-01-01,2026-09-07,4267,2013-11-27,2026-09-07
EG.N,"Everest Group,",False,2017-06-19,2026-09-07,3367,2016-05-15,2026-09-07
EIX.N,,False,2015-01-01,2026-09-07,4267,2013-11-27,2026-09-07
EL.N,,False,2015-01-01,2026-09-07,4267,2013-11-27,2026-09-07
ELV.N,,False,2015-01-01,2026-09-07,4267,2013-11-27,2026-09-07
EMBC.OQ,Embecta,False,2022-04-01,2022-04-03,2,2021-02-25,2022-04-13
EMC.N^I16,EMC US,True,2015-01-01,2016-09-07,615,2013-11-27,2016-09-17
EME.N,EMCOR Grp,False,2025-09-22,2026-09-07,350,2024-08-18,2026-09-07
EMN.N,Eastman Chemical,False,2015-01-01,2025-11-03,3959,2013-11-27,2025-11-13
EMR.N,,False,2015-01-01,2026-09-07,4267,2013-11-27,2026-09-07
ENDP.OQ^H22,Endo Intl,True,2015-01-27,2017-03-01,764,2013-12-23,2017-03-11
ENPH.OQ,Enphase Energy,False,2021-01-07,2025-09-21,1718,2019-12-04,2025-10-01
EOG.N,,False,2015-01-01,2026-09-07,4267,2013-11-27,2026-09-07
EPAM.N,EPAM,False,2021-12-14,2026-06-01,1630,2020-11-09,2026-06-11
EQIX.OQ,Equinix,False,2015-03-23,2026-09-07,4186,2014-02-16,2026-09-07
EQT.N,EQT Corp,False,2015-01-01,2026-09-07,4267,2013-11-27,2026-09-07
ERIE.OQ,Erie Indemnity,False,2024-09-23,2026-09-07,714,2023-08-20,2026-09-07
ES.N,,False,2015-01-01,2026-09-07,4267,2013-11-27,2026-09-07
ESRX.OQ^L18,Evernorth Health,True,2015-01-01,2018-12-23,1452,2013-11-27,2019-01-02
ESS.N,Essex Prpty Tr,False,2015-01-01,2026-09-07,4267,2013-11-27,2026-09-07
ETFC.OQ^J20,E*TRADE Financl,True,2015-01-01,2020-10-06,2105,2013-11-27,2020-10-16
ETN.N,,False,2015-01-01,2026-09-07,4267,2013-11-27,2026-09-07
ETR.N,,False,2015-01-01,2026-09-07,4267,2013-11-27,2026-09-07
ETSY.N,ETSY,False,2020-09-21,2024-09-22,1462,2019-08-18,2024-10-02
EVHC.N^J18,Envision Hlthcr,True,2016-12-02,2018-10-10,677,2015-10-29,2018-10-20
EVRG.OQ,Evergy,False,2018-06-05,2026-09-07,3016,2017-05-01,2026-09-07
EW.N,Edwards Lifesci,False,2015-01-01,2026-09-07,4267,2013-11-27,2026-09-07
EXC.OQ,,False,2015-01-01,2026-09-07,4267,2013-11-27,2026-09-07
EXE.OQ,Expand Energy,False,2025-03-24,2026-09-07,532,2024-02-18,2026-09-07
EXPD.N,,False,2015-01-01,2026-09-07,4267,2013-11-27,2026-09-07
EXPE.OQ,,False,2015-01-01,2026-09-07,4267,2013-11-27,2026-09-07
EXR.N,Extra Space Strg,False,2016-01-19,2026-09-07,3884,2014-12-15,2026-09-07
F.N,,False,2015-01-01,2026-09-07,4267,2013-11-27,2026-09-07
FANG.OQ,Diamondback,False,2018-12-03,2026-09-07,2835,2017-10-29,2026-09-07
FAST.OQ,,False,2015-01-01,2026-09-07,4267,2013-11-27,2026-09-07
FBIN.N,Fortune Brand,False,2016-06-24,2022-12-18,2368,2015-05-21,2022-12-28
FCPT.N,Four Corners,False,2015-11-10,2015-11-10,0,2014-10-06,2015-11-20
FCX.N,,False,2015-01-01,2026-09-07,4267,2013-11-27,2026-09-07
FDO.N^G15,Family Dlr,True,2015-01-01,2015-07-06,186,2013-11-27,2015-07-16
FDS.N,Factset Rsrch,False,2021-12-20,2026-09-07,1722,2020-11-15,2026-09-07
FDX.N,,False,2015-01-01,2026-09-07,4267,2013-11-27,2026-09-07
FDXF.N,FedEx Frght Hldg,False,2026-06-01,2026-09-07,98,2025-04-27,2026-09-07
FE.N,,False,2015-01-01,2026-09-07,4267,2013-11-27,2026-09-07
FERG.N,Ferguson Entps,False,2026-08-05,2026-09-07,33,2025-07-01,2026-09-07
FFIV.OQ,F5,False,2015-01-01,2026-09-07,4267,2013-11-27,2026-09-07
FICO.N,Fair Isaac,False,2023-03-20,2026-09-07,1267,2022-02-13,2026-09-07
FIS.N,,False,2015-01-01,2026-09-07,4267,2013-11-27,2026-09-07
FISV.OQ,,False,2015-01-01,2026-09-07,4267,2013-11-27,2026-09-07
FITB.N,,False,2015-01-01,2026-09-07,4267,2013-11-27,2026-09-07
FIX.N,Comfort Sys,False,2025-12-22,2026-09-07,259,2024-11-17,2026-09-07
FL.N^I25,Foot Locker,True,2016-04-04,2019-08-08,1221,2015-03-01,2019-08-18
FLEX.OQ,Flex Ltd,False,2026-06-22,2026-09-07,77,2025-05-18,2026-09-07
FLIR.OQ^E21,FLIR System,True,2015-01-01,2021-05-13,2324,2013-11-27,2021-05-23
FLR.N,Fluor,False,2015-01-01,2019-06-03,1614,2013-11-27,2019-06-13
FLS.N,Flowserve,False,2015-01-01,2021-03-21,2271,2013-11-27,2021-03-31
FMC.N,FMC,False,2015-01-01,2025-03-23,3734,2013-11-27,2025-04-02
FOSL.OQ,Fossil Group,False,2015-01-01,2016-01-04,368,2013-11-27,2016-01-14
FOX.OQ,Fox,False,2019-03-19,2026-09-07,2729,2018-02-12,2026-09-07
FOXA.OQ,Fox,False,2019-03-19,2026-09-07,2729,2018-02-12,2026-09-07
FRC.N^E23,Frst Rep Bk,True,2019-01-02,2023-05-03,1582,2017-11-28,2023-05-13
FRT.N,Federal Rlty Inv,False,2016-02-01,2026-09-07,3871,2014-12-28,2026-09-07
FSLR.OQ,First Solar,False,2015-01-01,2026-09-07,4267,2013-11-27,2026-09-07
FTI.N,TechnipFMC,False,2017-01-17,2021-02-11,1486,2015-12-14,2021-02-21
FTI.N^A17,FMC Technologies,True,2015-01-01,2017-01-16,746,2013-11-27,2017-01-26
FTNT.OQ,Fortinet,False,2018-10-11,2026-09-07,2888,2017-09-06,2026-09-07
FTR.OQ^D20,Frontier Comm,True,2015-01-01,2017-03-19,808,2013-11-27,2017-03-29
FTRE.OQ,Fortrea Holdings,False,2023-07-03,2023-07-05,2,2022-05-29,2023-07-15
FTV.N,Fortive,False,2016-07-05,2026-09-07,3716,2015-06-01,2026-09-07
GAP.N,Gap,False,2015-01-01,2022-02-02,2589,2013-11-27,2022-02-12
GAS.N^G16,Southern Gas,True,2015-01-01,2016-06-30,546,2013-11-27,2016-07-10
GD.N,,False,2015-01-01,2026-09-07,4267,2013-11-27,2026-09-07
GDDY.N,GoDaddy,False,2024-06-24,2026-09-07,805,2023-05-21,2026-09-07
GE.N,,False,2015-01-01,2026-09-07,4267,2013-11-27,2026-09-07
GEHC.OQ,GE Healthcare,False,2023-01-04,2026-09-07,1342,2021-11-30,2026-09-07
GEN.OQ,,False,2015-01-01,2026-09-07,4267,2013-11-27,2026-09-07
GEV.N,GE Vernova,False,2024-04-02,2026-09-07,888,2023-02-27,2026-09-07
GGP.N^H18,GCP Retail,True,2015-01-01,2018-08-27,1334,2013-11-27,2018-09-06
GILD.OQ,,False,2015-01-01,2026-09-07,4267,2013-11-27,2026-09-07
GIS.N,,False,2015-01-01,2026-09-07,4267,2013-11-27,2026-09-07
GL.N,,False,2015-01-01,2026-09-07,4267,2013-11-27,2026-09-07
GLW.N,,False,2015-01-01,2026-09-07,4267,2013-11-27,2026-09-07
GM.N,GM,False,2015-01-01,2026-09-07,4267,2013-11-27,2026-09-07
GMCR.OQ^C16,Keurig Green,True,2015-01-01,2016-03-06,430,2013-11-27,2016-03-16
GME.N,GameStop,False,2015-01-01,2016-04-24,479,2013-11-27,2016-05-04
GNRC.N,Generac Hldg,False,2021-03-22,2026-09-07,1995,2020-02-16,2026-09-07
GNW.N,Genworth Fincl,False,2015-01-01,2015-11-17,320,2013-11-27,2015-11-27
GOOG.OQ,Alphabet,False,2015-01-01,2026-09-07,4267,2013-11-27,2026-09-07
GOOGL.OQ,,False,2015-01-01,2026-09-07,4267,2013-11-27,2026-09-07
GPC.N,,False,2015-01-01,2026-09-07,4267,2013-11-27,2026-09-07
GPN.N,Global Payments,False,2016-04-25,2026-09-07,3787,2015-03-22,2026-09-07
GRMN.N,Garmin,False,2015-01-01,2026-09-07,4267,2013-11-27,2026-09-07
GS.N,,False,2015-01-01,2026-09-07,4267,2013-11-27,2026-09-07
GT.OQ,Goodyear Tire,False,2015-01-01,2019-02-26,1517,2013-11-27,2019-03-08
GTX.N^I20,Garrett Motion,True,2018-10-01,2018-10-01,0,2017-08-27,2018-10-11
GWW.N,,False,2015-01-01,2026-09-07,4267,2013-11-27,2026-09-07
HAL.N,,False,2015-01-01,2026-09-07,4267,2013-11-27,2026-09-07
HAR.N^C17,HARMAN,True,2015-01-01,2017-03-12,801,2013-11-27,2017-03-22
HAS.OQ,,False,2015-01-01,2026-09-07,4267,2013-11-27,2026-09-07
HBAN.OQ,,False,2015-01-01,2026-09-07,4267,2013-11-27,2026-09-07
HBI.N^L25,Hanesbrands,True,2015-03-23,2021-12-19,2463,2014-02-16,2021-12-29
HCA.N,HCA Healthcare,False,2015-01-27,2026-09-07,4241,2013-12-23,2026-09-07
HCBK.OQ^K15,Hudson City Bcp,True,2015-01-01,2015-11-02,305,2013-11-27,2015-11-12
HD.N,,False,2015-01-01,2026-09-07,4267,2013-11-27,2026-09-07
HES.N^G25,Hess,True,2015-01-01,2025-07-22,3855,2013-11-27,2025-08-01
HIG.N,,False,2015-01-01,2026-09-07,4267,2013-11-27,2026-09-07
HII.N,Huntington US,False,2018-01-03,2026-09-07,3169,2016-11-29,2026-09-07
HLT.N,Hilton Wrldwide,False,2017-06-19,2026-09-07,3367,2016-05-15,2026-09-07
HOG.N,Harley Davidson,False,2015-01-01,2020-06-21,1998,2013-11-27,2020-07-01
HOLX.OQ^D26,Hologic,True,2016-03-30,2026-04-08,3661,2015-02-24,2026-04-18
HON.OQ,,False,2015-01-01,2026-09-07,4267,2013-11-27,2026-09-07
HONA.OQ,Honeywell Arspce,False,2026-06-29,2026-09-07,70,2025-05-25,2026-09-07
HOOD.OQ,Robinhood,False,2025-09-22,2026-09-07,350,2024-08-18,2026-09-07
HOT.N^I16,Starwood Hotls,True,2015-01-01,2016-09-22,630,2013-11-27,2016-10-02
HP.N,Helmerich,False,2015-01-01,2020-05-21,1967,2013-11-27,2020-05-31
HPE.N,HPE,False,2015-11-02,2026-09-07,3962,2014-09-28,2026-09-07
HPQ.N,,False,2015-01-01,2026-09-07,4267,2013-11-27,2026-09-07
HRB.N,H&R Block,False,2015-01-01,2020-09-20,2089,2013-11-27,2020-09-30
HRL.N,,False,2015-01-01,2026-09-07,4267,2013-11-27,2026-09-07
HSIC.OQ,Henry Schein,False,2015-03-18,2026-09-07,4191,2014-02-11,2026-09-07
HSP.N^I15,Hospira,True,2015-01-01,2015-09-02,244,2013-11-27,2015-09-12
HST.OQ,,False,2015-01-01,2026-09-07,4267,2013-11-27,2026-09-07
HSY.N,,False,2015-01-01,2026-09-07,4267,2013-11-27,2026-09-07
HUBB.N,Hubbell,False,2023-10-18,2026-09-07,1055,2022-09-13,2026-09-07
HUM.N,,False,2015-01-01,2026-09-07,4267,2013-11-27,2026-09-07
HWM.N,,False,2015-01-01,2026-09-07,4267,2013-11-27,2026-09-07
IBKR.OQ,Intractive Brk,False,2025-08-28,2026-09-07,375,2024-07-24,2026-09-07
IBM.N,,False,2015-01-01,2026-09-07,4267,2013-11-27,2026-09-07
ICE.N,,False,2015-01-01,2026-09-07,4267,2013-11-27,2026-09-07
IDXX.OQ,"IDEXX Labs, Inc.",False,2017-01-05,2026-09-07,3532,2015-12-02,2026-09-07
IEX.N,IDEX,False,2019-08-09,2026-09-07,2586,2018-07-05,2026-09-07
IFF.N,,False,2015-01-01,2026-09-07,4267,2013-11-27,2026-09-07
IILGV.OQ^E16,ILG,True,2016-05-13,2016-05-15,2,2015-04-09,2016-05-25
ILMN.OQ,Illumina,False,2015-11-19,2024-06-23,3139,2014-10-15,2024-07-03
INCY.OQ,Incyte,False,2017-02-28,2026-09-07,3478,2016-01-25,2026-09-07
INFO.N^B22,IHS Markit,True,2017-06-02,2022-03-01,1733,2016-04-28,2022-03-11
INTC.OQ,,False,2015-01-01,2026-09-07,4267,2013-11-27,2026-09-07
INTU.OQ,,False,2015-01-01,2026-09-07,4267,2013-11-27,2026-09-07
INVH.N,Invitation Homes,False,2022-09-19,2026-09-07,1449,2021-08-15,2026-09-07
IP.N,,False,2015-01-01,2026-09-07,4267,2013-11-27,2026-09-07
IPG.N^K25,Interpublic Grp,True,2015-01-01,2025-11-27,3983,2013-11-27,2025-12-07
IPGP.OQ,IPG Photonics,False,2018-03-07,2022-06-20,1566,2017-01-31,2022-06-30
IQV.N,IQVIA Holdings,False,2017-08-29,2026-09-07,3296,2016-07-25,2026-09-07
IR.N,Ingersoll Ran,False,2020-02-03,2026-09-07,2408,2018-12-30,2026-09-07
IRM.N,,False,2015-01-01,2026-09-07,4267,2013-11-27,2026-09-07
ISRG.OQ,,False,2015-01-01,2026-09-07,4267,2013-11-27,2026-09-07
IT.N,Gartner,False,2017-04-05,2026-09-07,3442,2016-03-01,2026-09-07
ITW.N,,False,2015-01-01,2026-09-07,4267,2013-11-27,2026-09-07
IVZ.N,,False,2015-01-01,2026-09-07,4267,2013-11-27,2026-09-07
J.N,,False,2015-01-01,2026-09-07,4267,2013-11-27,2026-09-07
JBGS.N,JBG Smith,False,2017-07-18,2017-07-18,0,2016-06-13,2017-07-28
JBHT.OQ,J.B. Hunt Trans,False,2015-07-01,2026-09-07,4086,2014-05-27,2026-09-07
JBL.N,Jabil,False,2023-12-18,2026-09-07,994,2022-11-13,2026-09-07
JCI.N,Johnson cntrls,False,2015-01-01,2026-09-07,4267,2013-11-27,2026-09-07
JCI.N^I16,Johnson Cntrl,True,2015-01-01,2016-09-05,613,2013-11-27,2016-09-15
JEF.N,Jefferies Fincl,False,2015-01-01,2019-09-25,1728,2013-11-27,2019-10-05
JKHY.OQ,JHA,False,2018-11-13,2026-09-07,2855,2017-10-09,2026-09-07
JNJ.N,,False,2015-01-01,2026-09-07,4267,2013-11-27,2026-09-07
JNPR.N^G25,Juniper Networks,True,2015-01-01,2025-07-08,3841,2013-11-27,2025-07-18
JOY.N^D17,Komatsu Mining,True,2015-01-01,2015-10-07,279,2013-11-27,2015-10-17
JPM.N,,False,2015-01-01,2026-09-07,4267,2013-11-27,2026-09-07
JWN.N^E25,Nordstrom,True,2015-01-01,2020-06-21,1998,2013-11-27,2020-07-01
K.N^L25,Kellanova,True,2015-01-01,2025-12-10,3996,2013-11-27,2025-12-20
KD.N,Kyndryl Holdings,False,2021-11-04,2021-11-04,0,2020-09-30,2021-11-14
KDP.OQ,Keurig Dr Pepper,False,2015-01-01,2026-09-07,4267,2013-11-27,2026-09-07
KEY.N,,False,2015-01-01,2026-09-07,4267,2013-11-27,2026-09-07
KEYS.N,Keysight Tech,False,2018-11-06,2026-09-07,2862,2017-10-02,2026-09-07
KHC.OQ,Kraft Heinz,False,2015-07-06,2026-09-07,4081,2014-06-01,2026-09-07
KIM.N,,False,2015-01-01,2026-09-07,4267,2013-11-27,2026-09-07
KKR.N,KKR & Co,False,2024-06-24,2026-09-07,805,2023-05-21,2026-09-07
KLAC.OQ,,False,2015-01-01,2026-09-07,4267,2013-11-27,2026-09-07
KLG.N^I25,WK Kellogg,True,2023-10-02,2023-10-02,0,2022-08-28,2023-10-12
KMB.OQ,,False,2015-01-01,2026-09-07,4267,2013-11-27,2026-09-07
KMI.N,Kinder Morgan DE,False,2015-01-01,2026-09-07,4267,2013-11-27,2026-09-07
KMX.N,Carmax,False,2015-01-01,2025-10-30,3955,2013-11-27,2025-11-09
KO.N,,False,2015-01-01,2026-09-07,4267,2013-11-27,2026-09-07
KR.N,,False,2015-01-01,2026-09-07,4267,2013-11-27,2026-09-07
KRFT.OQ^G15,Kraft Foods Grp,True,2015-01-01,2015-07-05,185,2013-11-27,2015-07-15
KSS.N,Kohls,False,2015-01-01,2020-09-20,2089,2013-11-27,2020-09-30
KSU.N^L21,KC Southern,True,2015-01-01,2021-12-13,2538,2013-11-27,2021-12-23
KTB.N,Kontoor Brands,False,2019-05-23,2019-05-23,0,2018-04-18,2019-06-02
KVUE.N,Kenvue,False,2023-08-25,2026-09-07,1109,2022-07-21,2026-09-07
L.N,,False,2015-01-01,2026-09-07,4267,2013-11-27,2026-09-07
LDOS.N,Leidos Holdings,False,2019-08-09,2026-09-07,2586,2018-07-05,2026-09-07
LEG.N^H26,Leggett & Platt,True,2015-01-01,2021-12-19,2544,2013-11-27,2021-12-29
LEN.N,,False,2015-01-01,2026-09-07,4267,2013-11-27,2026-09-07
LH.N,,False,2015-01-01,2026-09-07,4267,2013-11-27,2026-09-07
LHX.N,,False,2015-01-01,2026-09-07,4267,2013-11-27,2026-09-07
LII.N,LII,False,2024-12-23,2026-09-07,623,2023-11-19,2026-09-07
LIN.OQ,,False,2015-01-01,2026-09-07,4267,2013-11-27,2026-09-07
LITE.OQ,Lumentum Hldg,False,2026-03-23,2026-09-07,168,2025-02-16,2026-09-07
LKQ.OQ,LKQ,False,2016-05-23,2025-12-21,3499,2015-04-19,2025-12-31
LLL.N^G19,L3 Tech,True,2015-01-01,2019-06-30,1641,2013-11-27,2019-07-10
LLTC.OQ^C17,Linear Tech,True,2015-01-01,2017-03-12,801,2013-11-27,2017-03-22
LLY.N,,False,2015-01-01,2026-09-07,4267,2013-11-27,2026-09-07
LM.N^H20,Legg Mason,True,2015-01-01,2016-12-01,700,2013-11-27,2016-12-11
LMT.N,,False,2015-01-01,2026-09-07,4267,2013-11-27,2026-09-07
LNC.N,LNC,False,2015-01-01,2023-09-17,3181,2013-11-27,2023-09-27
LNT.OQ,Alliant Energy,False,2016-07-01,2026-09-07,3720,2015-05-28,2026-09-07
LO.N^F15,Lorillard,True,2015-01-01,2015-06-11,161,2013-11-27,2015-06-21
LOW.N,,False,2015-01-01,2026-09-07,4267,2013-11-27,2026-09-07
LRCX.OQ,Lam Research,False,2015-01-01,2026-09-07,4267,2013-11-27,2026-09-07
LULU.OQ,Lululemon,False,2023-10-18,2026-09-07,1055,2022-09-13,2026-09-07
LUMN.N,Lumen Tech,False,2015-01-01,2023-03-19,2999,2013-11-27,2023-03-29
LUV.N,,False,2015-01-01,2026-09-07,4267,2013-11-27,2026-09-07
LVLT.N^K17,Level 3 Parent,True,2015-01-01,2017-10-12,1015,2013-11-27,2017-10-22
LVS.N,LVSC,False,2019-10-03,2026-09-07,2531,2018-08-29,2026-09-07
LW.N,Lamb Weston Hldg,False,2016-11-10,2026-03-22,3419,2015-10-07,2026-04-01
LYB.N,Lyondell,False,2015-01-01,2026-09-07,4267,2013-11-27,2026-09-07
LYV.N,Live Nation,False,2019-12-23,2026-09-07,2450,2018-11-18,2026-09-07
M.N,Macy's,False,2015-01-01,2020-04-05,1921,2013-11-27,2020-04-15
MA.N,,False,2015-01-01,2026-09-07,4267,2013-11-27,2026-09-07
MAA.N,Mid-America Apt,False,2016-12-02,2026-09-07,3566,2015-10-29,2026-09-07
MAC.N,Macerich,False,2015-01-01,2019-12-22,1816,2013-11-27,2020-01-01
MAR.OQ,,False,2015-01-01,2026-09-07,4267,2013-11-27,2026-09-07
MAS.N,,False,2015-01-01,2026-09-07,4267,2013-11-27,2026-09-07
MAT.OQ,Mattel,False,2015-01-01,2019-06-06,1617,2013-11-27,2019-06-16
MBC.N,MasterBrand,False,2022-12-15,2022-12-18,3,2021-11-10,2022-12-28
MBGL.N,Mobility Glo,False,2026-07-01,2026-07-01,0,2025-05-27,2026-07-11
MCD.N,,False,2015-01-01,2026-09-07,4267,2013-11-27,2026-09-07
MCHP.OQ,,False,2015-01-01,2026-09-07,4267,2013-11-27,2026-09-07
MCK.N,,False,2015-01-01,2026-09-07,4267,2013-11-27,2026-09-07
MCO.N,,False,2015-01-01,2026-09-07,4267,2013-11-27,2026-09-07
MDLZ.OQ,,False,2015-01-01,2026-09-07,4267,2013-11-27,2026-09-07
MDT.N,,False,2015-01-01,2026-09-07,4267,2013-11-27,2026-09-07
MET.N,,False,2015-01-01,2026-09-07,4267,2013-11-27,2026-09-07
META.OQ,Meta Platforms,False,2015-01-01,2026-09-07,4267,2013-11-27,2026-09-07
MGM.N,MGM Resorts Intl,False,2017-07-26,2026-09-07,3330,2016-06-21,2026-09-07
MHK.N,Mohawk Inds,False,2015-01-01,2025-12-21,4007,2013-11-27,2025-12-31
MJN.N^F17,Mead Johnson,True,2015-01-01,2017-06-14,895,2013-11-27,2017-06-24
MKC.N,,False,2015-01-01,2026-09-07,4267,2013-11-27,2026-09-07
MKTX.OQ,MarketAxess,False,2019-07-01,2025-09-21,2274,2018-05-27,2025-10-01
MLM.N,Martin Mari Mat,False,2015-01-01,2026-09-07,4267,2013-11-27,2026-09-07
MMM.N,,False,2015-01-01,2026-09-07,4267,2013-11-27,2026-09-07
MNK.N^J20,Keenova,True,2015-01-01,2017-07-25,936,2013-11-27,2017-08-04
MNST.OQ,Monster Beverage,False,2015-01-01,2026-09-07,4267,2013-11-27,2026-09-07
MO.N,,False,2015-01-01,2026-09-07,4267,2013-11-27,2026-09-07
MOH.N,Molina Health,False,2022-03-02,2026-03-22,1481,2021-01-26,2026-04-01
MON.N^F18,Monsanto,True,2015-01-01,2018-06-06,1252,2013-11-27,2018-06-16
MOS.N,Mosaic,False,2015-01-01,2026-09-07,4267,2013-11-27,2026-09-07
MPC.N,Marathon Ptrlum,False,2015-01-01,2026-09-07,4267,2013-11-27,2026-09-07
MPWR.OQ,Monolithic Power,False,2021-02-12,2026-09-07,2033,2020-01-09,2026-09-07
MRK.N,,False,2015-01-01,2026-09-07,4267,2013-11-27,2026-09-07
MRNA.OQ,Moderna,False,2021-07-21,2026-09-07,1874,2020-06-16,2026-09-07
MRO.N^K24,Marathn Oil,True,2015-01-01,2024-11-25,3616,2013-11-27,2024-12-05
MRP.N,Millrose Propts,False,2025-01-21,2025-02-09,19,2023-12-18,2025-02-19
MRSH.N,,False,2015-01-01,2026-09-07,4267,2013-11-27,2026-09-07
MRVL.OQ,Marvell Tech,False,2026-06-22,2026-09-07,77,2025-05-18,2026-09-07
MS.N,,False,2015-01-01,2026-09-07,4267,2013-11-27,2026-09-07
MSCI.N,MSCI,False,2018-04-04,2026-09-07,3078,2017-02-28,2026-09-07
MSFT.OQ,,False,2015-01-01,2026-09-07,4267,2013-11-27,2026-09-07
MSI.N,,False,2015-01-01,2026-09-07,4267,2013-11-27,2026-09-07
MTB.N,,False,2015-01-01,2026-09-07,4267,2013-11-27,2026-09-07
MTCH.OQ,Match Grp,False,2021-09-20,2026-03-22,1644,2020-08-16,2026-04-01
MTD.N,Mettler-toledo,False,2016-09-06,2026-09-07,3653,2015-08-03,2026-09-07
MU.OQ,,False,2015-01-01,2026-09-07,4267,2013-11-27,2026-09-07
MUR.N,Murphy Oil,False,2015-01-01,2017-07-25,936,2013-11-27,2017-08-04
MWV.N^G15,Westrock MWV,True,2015-01-01,2015-07-01,181,2013-11-27,2015-07-11
MXIM.OQ^H21,Maxim Integrated,True,2018-12-03,2021-08-29,1000,2017-10-29,2021-09-08
NAVI.OQ,Navient,False,2015-01-01,2018-06-04,1250,2013-11-27,2018-06-14
NBL.OQ^J20,Noble Energy,True,2015-01-01,2020-10-11,2110,2013-11-27,2020-10-21
NBR.N,Nabors Inds,False,2015-01-01,2015-03-22,80,2013-11-27,2015-04-01
NCLH.N,Nrwn Crs Ln Hldg,False,2017-10-13,2026-09-07,3251,2016-09-08,2026-09-07
NDAQ.OQ,,False,2015-01-01,2026-09-07,4267,2013-11-27,2026-09-07
NDSN.OQ,Nordson,False,2022-02-15,2026-09-07,1665,2021-01-11,2026-09-07
NE.N^H20,Noble Corp,True,2015-01-01,2015-07-19,199,2013-11-27,2015-07-29
NEE.N,,False,2015-01-01,2026-09-07,4267,2013-11-27,2026-09-07
NEM.N,,False,2015-01-01,2026-09-07,4267,2013-11-27,2026-09-07
NFLX.OQ,Netflix,False,2015-01-01,2026-09-07,4267,2013-11-27,2026-09-07
NFX.N^B19,Ovintiv Exp,True,2015-01-01,2019-02-14,1505,2013-11-27,2019-02-24
NGVT.N,Ingevity,False,2016-05-16,2016-05-16,0,2015-04-12,2016-05-26
NI.N,,False,2015-01-01,2026-09-07,4267,2013-11-27,2026-09-07
NKE.N,,False,2015-01-01,2026-09-07,4267,2013-11-27,2026-09-07
NKTR.OQ,Nektar,False,2018-03-19,2019-10-02,562,2017-02-12,2019-10-12
NLSN.N^J22,Nielsen Holdings,True,2015-01-01,2022-10-11,2840,2013-11-27,2022-10-21
NOC.N,,False,2015-01-01,2026-09-07,4267,2013-11-27,2026-09-07
NOV.N,Nov,False,2015-01-01,2021-09-19,2453,2013-11-27,2021-09-29
NOW.N,ServiceNow,False,2019-11-21,2026-09-07,2482,2018-10-17,2026-09-07
NRG.N,NRG Energy,False,2015-01-01,2026-09-07,4267,2013-11-27,2026-09-07
NSC.N,,False,2015-01-01,2026-09-07,4267,2013-11-27,2026-09-07
NTAP.OQ,,False,2015-01-01,2026-09-07,4267,2013-11-27,2026-09-07
NTRS.OQ,,False,2015-01-01,2026-09-07,4267,2013-11-27,2026-09-07
NUE.N,,False,2015-01-01,2026-09-07,4267,2013-11-27,2026-09-07
NVDA.OQ,,False,2015-01-01,2026-09-07,4267,2013-11-27,2026-09-07
NVR.N,NVR,False,2019-09-26,2026-09-07,2538,2018-08-22,2026-09-07
NVT.N,nVent Electric,False,2018-05-01,2018-05-01,0,2017-03-27,2018-05-11
NWL.OQ,Newell Brands,False,2015-01-01,2023-09-17,3181,2013-11-27,2023-09-27
NWS.OQ,News Corp,False,2015-09-21,2026-09-07,4004,2014-08-17,2026-09-07
NWSA.OQ,News Corp,False,2015-01-01,2026-09-07,4267,2013-11-27,2026-09-07
NXPI.OQ,NXP Semicondtrs,False,2021-03-22,2026-09-07,1995,2020-02-16,2026-09-07
O.N,Realty Income,False,2015-04-07,2026-09-07,4171,2014-03-03,2026-09-07
ODFL.OQ,Old Dominion,False,2019-12-09,2026-09-07,2464,2018-11-04,2026-09-07
OGN.N,Organon,False,2021-06-03,2023-10-17,866,2020-04-29,2023-10-27
OI.N,"O-i Glass, Inc",False,2015-01-01,2016-12-01,700,2013-11-27,2016-12-11
OKE.N,ONEOK,False,2015-01-01,2026-09-07,4267,2013-11-27,2026-09-07
OMC.N,,False,2015-01-01,2026-09-07,4267,2013-11-27,2026-09-07
ON.OQ,ON Semiconductor,False,2022-06-21,2026-09-07,1539,2021-05-17,2026-09-07
ONL.N,Orion Propts MD,False,2021-11-15,2021-11-15,0,2020-10-11,2021-11-25
ORCL.N,,False,2015-01-01,2026-09-07,4267,2013-11-27,2026-09-07
ORLY.OQ,,False,2015-01-01,2026-09-07,4267,2013-11-27,2026-09-07
OTIS.N,Otis Worldwide,False,2020-04-03,2026-09-07,2348,2019-02-28,2026-09-07
OXY.N,,False,2015-01-01,2026-09-07,4267,2013-11-27,2026-09-07
PANW.OQ,Palo Alto,False,2023-06-20,2026-09-07,1175,2022-05-16,2026-09-07
PAYC.N,Paycom Software,False,2020-01-28,2026-03-22,2245,2018-12-24,2026-04-01
PAYX.OQ,,False,2015-01-01,2026-09-07,4267,2013-11-27,2026-09-07
PBCT.OQ^D22,Peoples Uni,True,2015-01-01,2022-04-03,2649,2013-11-27,2022-04-13
PBI.N,Pitney Bowes,False,2015-01-01,2017-02-28,789,2013-11-27,2017-03-10
PCAR.OQ,,False,2015-01-01,2026-09-07,4267,2013-11-27,2026-09-07
PCG.N,PG&E Us,False,2015-01-01,2026-09-07,4267,2013-11-27,2026-09-07
PCL.N^B16,Plum Creek Timb,True,2015-01-01,2016-02-21,416,2013-11-27,2016-03-02
PCP.N^B16,Precision Cast,True,2015-01-01,2016-01-31,395,2013-11-27,2016-02-10
PDCO.OQ^D25,Patterson,True,2015-01-01,2018-03-18,1172,2013-11-27,2018-03-28
PEG.N,,False,2015-01-01,2026-09-07,4267,2013-11-27,2026-09-07
PENN.OQ,Penn Ent,False,2021-03-22,2022-09-18,545,2020-02-16,2022-09-28
PEP.OQ,,False,2015-01-01,2026-09-07,4267,2013-11-27,2026-09-07
PETM.OQ^C15,PetSmart,True,2015-01-01,2015-03-11,69,2013-11-27,2015-03-21
PFE.N,,False,2015-01-01,2026-09-07,4267,2013-11-27,2026-09-07
PFG.OQ,,False,2015-01-01,2026-09-07,4267,2013-11-27,2026-09-07
PG.N,,False,2015-01-01,2026-09-07,4267,2013-11-27,2026-09-07
PGR.N,,False,2015-01-01,2026-09-07,4267,2013-11-27,2026-09-07
PH.N,,False,2015-01-01,2026-09-07,4267,2013-11-27,2026-09-07
PHIN.N,Phinia,False,2023-07-05,2023-07-05,0,2022-05-31,2023-07-15
PHM.N,,False,2015-01-01,2026-09-07,4267,2013-11-27,2026-09-07
PKG.N,Packaging Corp,False,2017-07-26,2026-09-07,3330,2016-06-21,2026-09-07
PLD.N,Prologis MD,False,2015-01-01,2026-09-07,4267,2013-11-27,2026-09-07
PLL.N^H15,Pall,True,2015-01-01,2015-08-30,241,2013-11-27,2015-09-09
PLTR.OQ,Palantir Tech,False,2024-09-23,2026-09-07,714,2023-08-20,2026-09-07
PM.N,,False,2015-01-01,2026-09-07,4267,2013-11-27,2026-09-07
PNC.N,,False,2015-01-01,2026-09-07,4267,2013-11-27,2026-09-07
PNR.N,Pentair,False,2015-01-01,2026-09-07,4267,2013-11-27,2026-09-07
PNW.N,,False,2015-01-01,2026-09-07,4267,2013-11-27,2026-09-07
PODD.OQ,Insulet,False,2023-03-15,2026-09-07,1272,2022-02-08,2026-09-07
POM.N^C16,Pepco Hldg,True,2015-01-01,2016-03-29,453,2013-11-27,2016-04-08
POOL.OQ,Pool,False,2020-10-07,2026-06-21,2083,2019-09-03,2026-07-01
PPG.N,,False,2015-01-01,2026-09-07,4267,2013-11-27,2026-09-07
PPL.N,,False,2015-01-01,2026-09-07,4267,2013-11-27,2026-09-07
PRGO.N,Perrigo Company,False,2015-01-01,2021-09-19,2453,2013-11-27,2021-09-29
PRSP.N^E21,Peraton Solns,True,2018-06-01,2018-06-03,2,2017-04-27,2018-06-13
PRU.N,,False,2015-01-01,2026-09-07,4267,2013-11-27,2026-09-07
PSA.N,,False,2015-01-01,2026-09-07,4267,2013-11-27,2026-09-07
PSKY.OQ,,False,2015-01-01,2026-09-07,4267,2013-11-27,2026-09-07
PSX.N,Phillips 66,False,2015-01-01,2026-09-07,4267,2013-11-27,2026-09-07
PTC.OQ,Ptc Inc,False,2021-04-20,2026-09-07,1966,2020-03-16,2026-09-07
PVH.N,PVH,False,2015-01-01,2022-09-18,2817,2013-11-27,2022-09-28
PWR.N,,False,2015-01-01,2026-09-07,4267,2013-11-27,2026-09-07
PXD.N^E24,Pioneer Natl Rsc,True,2015-01-01,2024-05-07,3414,2013-11-27,2024-05-17
PYPL.OQ,PayPal Hldg,False,2015-07-20,2026-09-07,4067,2014-06-15,2026-09-07
Q.N,Qnity Electronic,False,2025-11-03,2026-09-07,308,2024-09-29,2026-09-07
QCOM.OQ,,False,2015-01-01,2026-09-07,4267,2013-11-27,2026-09-07
QCP.N^G18,Quality Care,True,2016-11-01,2016-11-01,0,2015-09-28,2016-11-11
QEP.N^C21,QEP Resources,True,2015-01-01,2015-06-30,180,2013-11-27,2015-07-10
QRVO.OQ,Qorvo,False,2015-06-12,2024-12-22,3481,2014-05-08,2025-01-01
R.N,Ryder,False,2015-01-01,2017-06-18,899,2013-11-27,2017-06-28
RAI.N^G17,Reynolds Amricn,True,2015-01-01,2017-07-25,936,2013-11-27,2017-08-04
RAL.N,Ralliant,False,2025-06-30,2025-06-30,0,2024-05-26,2025-07-10
RCL.N,Royal Carib Crus,False,2015-01-01,2026-09-07,4267,2013-11-27,2026-09-07
RDDT.N,Reddit,False,2026-08-18,2026-09-07,20,2025-07-14,2026-09-07
REG.OQ,Regency Center,False,2017-03-02,2026-09-07,3476,2016-01-27,2026-09-07
REGN.OQ,Regeneron Pharms,False,2015-01-01,2026-09-07,4267,2013-11-27,2026-09-07
REZI.N,Resideo Tech,False,2018-10-29,2018-10-29,0,2017-09-24,2018-11-08
RF.N,,False,2015-01-01,2026-09-07,4267,2013-11-27,2026-09-07
RHI.N,Robert Half,False,2015-01-01,2024-06-23,3461,2013-11-27,2024-07-03
RHT.N^G19,Red Hat,True,2015-01-01,2019-07-14,1655,2013-11-27,2019-07-24
RIG.N,Transocea,False,2015-01-01,2017-07-25,936,2013-11-27,2017-08-04
RJF.N,Raymond James Fi,False,2017-03-20,2026-09-07,3458,2016-02-14,2026-09-07
RL.N,,False,2015-01-01,2026-09-07,4267,2013-11-27,2026-09-07
RMD.N,Resmed,False,2017-07-26,2026-09-07,3330,2016-06-21,2026-09-07
ROK.N,,False,2015-01-01,2026-09-07,4267,2013-11-27,2026-09-07
ROL.N,Rollins,False,2018-10-01,2026-09-07,2898,2017-08-27,2026-09-07
ROP.OQ,,False,2015-01-01,2026-09-07,4267,2013-11-27,2026-09-07
ROST.OQ,,False,2015-01-01,2026-09-07,4267,2013-11-27,2026-09-07
RRC.N,Range Resource,False,2015-01-01,2018-06-17,1263,2013-11-27,2018-06-27
RSG.N,,False,2015-01-01,2026-09-07,4267,2013-11-27,2026-09-07
RTN.N^D20,Raytheon,True,2015-01-01,2020-04-05,1921,2013-11-27,2020-04-15
RTX.N,,False,2015-01-01,2026-09-07,4267,2013-11-27,2026-09-07
RVTY.N,,False,2015-01-01,2026-09-07,4267,2013-11-27,2026-09-07
SBAC.OQ,SBA Commns,False,2017-09-01,2026-09-07,3293,2016-07-28,2026-09-07
SBNY.OQ^C23,Signature Bank,True,2021-12-20,2023-03-14,449,2020-11-15,2023-03-24
SBUX.OQ,,False,2015-01-01,2026-09-07,4267,2013-11-27,2026-09-07
SCG.N^A19,SCANA,True,2015-01-01,2019-01-01,1461,2013-11-27,2019-01-11
SCHW.N,,False,2015-01-01,2026-09-07,4267,2013-11-27,2026-09-07
SE.N^B17,Spectra Energy,True,2015-01-01,2017-02-26,787,2013-11-27,2017-03-08
SEDG.OQ,Solaredge Tech,False,2021-12-20,2023-12-17,727,2020-11-15,2023-12-27
SEE.N^D26,Sealed Air,True,2015-01-01,2023-12-17,3272,2013-11-27,2023-12-27
SHW.N,,False,2015-01-01,2026-09-07,4267,2013-11-27,2026-09-07
SIAL.OQ^K15,Sigma Aldrich,True,2015-01-01,2015-11-18,321,2013-11-27,2015-11-28
SIG.N,Signet,False,2015-07-29,2018-03-18,963,2014-06-24,2018-03-28
SIVB.OQ^C23,SVB Fincl Grp,True,2018-03-19,2023-03-14,1821,2017-02-12,2023-03-24
SJM.N,,False,2015-01-01,2026-09-07,4267,2013-11-27,2026-09-07
SLB.N,,False,2015-01-01,2026-09-07,4267,2013-11-27,2026-09-07
SLG.N,SL Green Realty,False,2015-03-23,2021-03-21,2190,2014-02-16,2021-03-31
SLVM.N,Sylvamo,False,2021-10-01,2021-10-03,2,2020-08-27,2021-10-13
SMCI.OQ,Super Micro Comp,False,2024-03-18,2026-09-07,903,2023-02-12,2026-09-07
SNA.N,,False,2015-01-01,2026-09-07,4267,2013-11-27,2026-09-07
SNDK.OQ,Sandisk,False,2025-02-24,2026-09-07,560,2024-01-21,2026-09-07
SNDK.OQ^E16,Sandsk,True,2015-01-01,2016-05-12,497,2013-11-27,2016-05-22
SNI.OQ^C18,Scripps Networks,True,2015-01-01,2018-03-06,1160,2013-11-27,2018-03-16
SNPS.OQ,Synopsys,False,2017-03-16,2026-09-07,3462,2016-02-10,2026-09-07
SO.N,,False,2015-01-01,2026-09-07,4267,2013-11-27,2026-09-07
SOLS.OQ,Solstice Advance,False,2025-10-30,2025-12-21,52,2024-09-25,2025-12-31
SOLV.N,Solventum,False,2024-04-01,2026-09-07,889,2023-02-26,2026-09-07
SPG.N,,False,2015-01-01,2026-09-07,4267,2013-11-27,2026-09-07
SPGI.N,,False,2015-01-01,2026-09-07,4267,2013-11-27,2026-09-07
SPLS.OQ^I17,Staples,True,2015-01-01,2017-09-17,990,2013-11-27,2017-09-27
SRCL.OQ^K24,Stericycle,True,2015-01-01,2018-12-02,1431,2013-11-27,2018-12-12
SRE.N,,False,2015-01-01,2026-09-07,4267,2013-11-27,2026-09-07
STE.N,STERIS,False,2019-12-23,2026-09-07,2450,2018-11-18,2026-09-07
STI.N^L19,SunTrust Banks,True,2015-01-01,2019-12-08,1802,2013-11-27,2019-12-18
STJ.N^A17,St Jude Med,True,2015-01-01,2017-01-04,734,2013-11-27,2017-01-14
STLD.OQ,Steel Dynamics,False,2022-12-22,2026-09-07,1355,2021-11-17,2026-09-07
STT.N,,False,2015-01-01,2026-09-07,4267,2013-11-27,2026-09-07
STX.OQ,Seagate,False,2015-01-01,2026-09-07,4267,2013-11-27,2026-09-07
STZ.N,,False,2015-01-01,2026-09-07,4267,2013-11-27,2026-09-07
SW.N,Smurfit WestRock,False,2024-07-08,2026-09-07,791,2023-06-04,2026-09-07
SWK.N,,False,2015-01-01,2026-09-07,4267,2013-11-27,2026-09-07
SWKS.OQ,Skyworks Solutns,False,2015-03-12,2026-09-07,4197,2014-02-05,2026-09-07
SWN.N^J24,Swestn Energy,True,2015-01-01,2017-04-03,823,2013-11-27,2017-04-13
SWY.N^A15,Safeway US,True,2015-01-01,2015-01-26,25,2013-11-27,2015-02-05
SYF.N,Synchrony Fincl,False,2015-11-18,2026-09-07,3946,2014-10-14,2026-09-07
SYK.N,,False,2015-01-01,2026-09-07,4267,2013-11-27,2026-09-07
SYY.N,,False,2015-01-01,2026-09-07,4267,2013-11-27,2026-09-07
T.N,,False,2015-01-01,2026-09-07,4267,2013-11-27,2026-09-07
TAP.N,,False,2015-01-01,2026-09-07,4267,2013-11-27,2026-09-07
TDC.N,Teradata,False,2015-01-01,2017-06-18,899,2013-11-27,2017-06-28
TDG.N,TransDigm Group,False,2016-06-03,2026-09-07,3748,2015-04-30,2026-09-07
TDY.N,Teledyne Tech,False,2020-06-22,2026-09-07,2268,2019-05-19,2026-09-07
TE.N^G16,Teco Energy,True,2015-01-01,2016-06-30,546,2013-11-27,2016-07-10
TECH.OQ,Bio-Techne,False,2021-08-30,2026-09-07,1834,2020-07-26,2026-09-07
TEG.N^F15,Wec Acquisition,True,2015-01-01,2015-06-30,180,2013-11-27,2015-07-10
TEL.N,TE Connectity,False,2015-01-01,2026-09-07,4267,2013-11-27,2026-09-07
TER.OQ,Teradyne,False,2020-09-21,2026-09-07,2177,2019-08-18,2026-09-07
TFC.N,,False,2015-01-01,2026-09-07,4267,2013-11-27,2026-09-07
TFCF.OQ^C19,Tfcf,True,2015-09-21,2019-03-19,1275,2014-08-17,2019-03-29
TFCFA.OQ^C19,Tfcf,True,2015-01-01,2019-03-19,1538,2013-11-27,2019-03-29
TFX.N,Teleflex,False,2019-01-18,2025-03-23,2256,2017-12-14,2025-04-02
TGNA.N^C26,Tegna,True,2015-01-01,2017-06-01,882,2013-11-27,2017-06-11
TGT.N,,False,2015-01-01,2026-09-07,4267,2013-11-27,2026-09-07
THC.N,Tenet Healthcare,False,2015-01-01,2016-04-17,472,2013-11-27,2016-04-27
TIF.N^A21,Tiffany,True,2015-01-01,2021-01-06,2197,2013-11-27,2021-01-16
TJX.N,,False,2015-01-01,2026-09-07,4267,2013-11-27,2026-09-07
TKO.N,TKO Grp Hldgs,False,2025-03-24,2026-09-07,532,2024-02-18,2026-09-07
TMO.N,,False,2015-01-01,2026-09-07,4267,2013-11-27,2026-09-07
TMUS.OQ,T-Mobile US,False,2019-07-15,2026-09-07,2611,2018-06-10,2026-09-07
TNL.N,Travel + Leisure,False,2015-01-01,2018-05-30,1245,2013-11-27,2018-06-09
TPL.N,TX Pac Lnd,False,2024-11-26,2026-09-07,650,2023-10-23,2026-09-07
TPR.N,,False,2015-01-01,2026-09-07,4267,2013-11-27,2026-09-07
TRGP.N,Targa Res,False,2022-10-12,2026-09-07,1426,2021-09-07,2026-09-07
TRIP.OQ,Tripadvisor,False,2015-01-01,2019-12-22,1816,2013-11-27,2020-01-01
TRMB.OQ,Trimble,False,2021-01-21,2026-09-07,2055,2019-12-18,2026-09-07
TROW.OQ,,False,2015-01-01,2026-09-07,4267,2013-11-27,2026-09-07
TRV.N,,False,2015-01-01,2026-09-07,4267,2013-11-27,2026-09-07
TSCO.OQ,Tractor Supply,False,2015-01-01,2026-09-07,4267,2013-11-27,2026-09-07
TSLA.OQ,Tesla,False,2020-12-21,2026-09-07,2086,2019-11-17,2026-09-07
TSN.N,,False,2015-01-01,2026-09-07,4267,2013-11-27,2026-09-07
TSS.N^I19,TSYS,True,2015-01-01,2019-09-22,1725,2013-11-27,2019-10-02
TT.N,Trane Tech,False,2015-01-01,2026-09-07,4267,2013-11-27,2026-09-07
TTD.OQ,Trade Desk,False,2025-07-18,2026-09-07,416,2024-06-13,2026-09-07
TTWO.OQ,Take-Two,False,2018-03-19,2026-09-07,3094,2017-02-12,2026-09-07
TWC.N^E16,TWC,True,2015-01-01,2016-05-17,502,2013-11-27,2016-05-27
TWTR.N^J22,Twitter,True,2018-06-07,2022-10-31,1607,2017-05-03,2022-11-10
TWX.N^F18,Time Warner,True,2015-01-01,2018-06-19,1265,2013-11-27,2018-06-29
TXN.OQ,,False,2015-01-01,2026-09-07,4267,2013-11-27,2026-09-07
TXT.N,,False,2015-01-01,2026-09-07,4267,2013-11-27,2026-09-07
TYL.N,Tyler Tech,False,2020-06-22,2026-09-07,2268,2019-05-19,2026-09-07
UA.N,Under Armour,False,2016-04-08,2022-06-20,2264,2015-03-05,2022-06-30
UAA.N,Under Armour,False,2015-01-01,2022-06-20,2727,2013-11-27,2022-06-30
UAL.OQ,United Arlns,False,2015-09-03,2026-09-07,4022,2014-07-30,2026-09-07
UBER.N,Uber,False,2023-12-18,2026-09-07,994,2022-11-13,2026-09-07
UDR.N,UDR,False,2016-03-07,2026-09-07,3836,2015-02-01,2026-09-07
UHS.N,Universal Health,False,2015-01-01,2026-09-07,4267,2013-11-27,2026-09-07
ULTA.OQ,Ulta Beauty,False,2016-04-18,2026-09-07,3794,2015-03-15,2026-09-07
UNH.N,,False,2015-01-01,2026-09-07,4267,2013-11-27,2026-09-07
UNM.N,Unum Group,False,2015-01-01,2021-09-19,2453,2013-11-27,2021-09-29
UNP.N,,False,2015-01-01,2026-09-07,4267,2013-11-27,2026-09-07
UPS.N,,False,2015-01-01,2026-09-07,4267,2013-11-27,2026-09-07
URBN.OQ,Urban Outfitters,False,2015-01-01,2017-03-19,808,2013-11-27,2017-03-29
URI.N,United Rentals,False,2015-01-01,2026-09-07,4267,2013-11-27,2026-09-07
USB.N,,False,2015-01-01,2026-09-07,4267,2013-11-27,2026-09-07
V.N,,False,2015-01-01,2026-09-07,4267,2013-11-27,2026-09-07
VAL.N^H20,Valaris,True,2015-01-01,2016-03-29,453,2013-11-27,2016-04-08
VAR.N^D21,Varian Med Syst,True,2015-01-01,2021-04-19,2300,2013-11-27,2021-04-29
VEEV.N,Veeva Systems,False,2026-05-07,2026-09-07,123,2025-04-02,2026-09-07
VFC.N,VF,False,2015-01-01,2024-04-02,3379,2013-11-27,2024-04-12
VGNT.N,Versigent,False,2026-04-01,2026-04-01,0,2025-02-25,2026-04-11
VIAB.OQ^L19,Viacom,True,2015-01-01,2019-12-04,1798,2013-11-27,2019-12-14
VICI.N,VICI,False,2022-06-08,2026-09-07,1552,2021-05-04,2026-09-07
VLO.N,,False,2015-01-01,2026-09-07,4267,2013-11-27,2026-09-07
VLTO.N,Veralto,False,2023-10-02,2026-09-07,1071,2022-08-28,2026-09-07
VMC.N,,False,2015-01-01,2026-09-07,4267,2013-11-27,2026-09-07
VMRK.N,,False,2015-01-01,2026-09-07,4267,2013-11-27,2026-09-07
VNO.N,Vornado Realty,False,2015-01-01,2023-01-04,2925,2013-11-27,2023-01-14
VNT.N,Vontier,False,2020-10-09,2021-03-21,163,2019-09-05,2021-03-31
VREX.OQ,Varex Imaging,False,2017-01-30,2017-01-30,0,2015-12-27,2017-02-09
VRSK.OQ,Verisk Analytics,False,2015-10-08,2026-09-07,3987,2014-09-03,2026-09-07
VRSN.OQ,,False,2015-01-01,2026-09-07,4267,2013-11-27,2026-09-07
VRT.N,Vertiv Holdg,False,2026-03-23,2026-09-07,168,2025-02-16,2026-09-07
VRTX.OQ,Vertex Pharms,False,2015-01-01,2026-09-07,4267,2013-11-27,2026-09-07
VSM.N^J19,Versum Materials,True,2016-10-03,2016-10-03,0,2015-08-30,2016-10-13
VSNT.OQ,Versant Media,False,2026-01-05,2026-01-05,0,2024-12-01,2026-01-15
VST.N,Vistra Corp,False,2024-05-08,2026-09-07,852,2023-04-04,2026-09-07
VSXY.N,Victoria's Secre,False,2021-08-03,2021-08-03,0,2020-06-29,2021-08-13
VTR.N,,False,2015-01-01,2026-09-07,4267,2013-11-27,2026-09-07
VTRS.OQ,,False,2015-01-01,2026-09-07,4267,2013-11-27,2026-09-07
VZ.N,,False,2015-01-01,2026-09-07,4267,2013-11-27,2026-09-07
WAB.N,Westinghouse Air,False,2019-02-27,2026-09-07,2749,2018-01-23,2026-09-07
WAT.N,,False,2015-01-01,2026-09-07,4267,2013-11-27,2026-09-07
WBA.OQ^H25,Walgreens Hldg,True,2015-01-01,2025-08-27,3891,2013-11-27,2025-09-06
WBD.OQ,Warner Bros Dis,False,2015-01-01,2026-09-07,4267,2013-11-27,2026-09-07
WCG.N^A20,WellCare Health,True,2018-09-17,2020-01-27,497,2017-08-13,2020-02-06
WDAY.OQ,Workday,False,2024-12-23,2026-09-07,623,2023-11-19,2026-09-07
WDC.OQ,,False,2015-01-01,2026-09-07,4267,2013-11-27,2026-09-07
WEC.N,,False,2015-01-01,2026-09-07,4267,2013-11-27,2026-09-07
WELL.N,,False,2015-01-01,2026-09-07,4267,2013-11-27,2026-09-07
WFC.N,,False,2015-01-01,2026-09-07,4267,2013-11-27,2026-09-07
WFM.OQ^H17,Whole Foods,True,2015-01-01,2017-08-28,970,2013-11-27,2017-09-07
WHR.N,Whirlpool,False,2015-01-01,2024-03-17,3363,2013-11-27,2024-03-27
WIN.OQ^C19,Windstream Hldg,True,2015-01-01,2015-04-06,95,2013-11-27,2015-04-16
WM.N,,False,2015-01-01,2026-09-07,4267,2013-11-27,2026-09-07
WMB.N,,False,2015-01-01,2026-09-07,4267,2013-11-27,2026-09-07
WMT.OQ,,False,2015-01-01,2026-09-07,4267,2013-11-27,2026-09-07
WRB.N,W. R. Berkley,False,2019-12-05,2026-09-07,2468,2018-10-31,2026-09-07
WRK.N^G24,WestRock Co,True,2015-07-02,2024-07-07,3293,2014-05-28,2024-07-17
WSM.N,Williams-Sonoma,False,2025-03-24,2026-09-07,532,2024-02-18,2026-09-07
WST.N,West Pharm Svc,False,2020-05-22,2026-09-07,2299,2019-04-18,2026-09-07
WTW.OQ,Willis Towers,False,2016-01-05,2026-09-07,3898,2014-12-01,2026-09-07
WU.N,Western Union,False,2015-01-01,2021-12-19,2544,2013-11-27,2021-12-29
WY.N,,False,2015-01-01,2026-09-07,4267,2013-11-27,2026-09-07
WYNN.OQ,,False,2015-01-01,2026-09-07,4267,2013-11-27,2026-09-07
XEC.N^J21,Coterra,True,2015-01-01,2020-03-02,1887,2013-11-27,2020-03-12
XEL.OQ,,False,2015-01-01,2026-09-07,4267,2013-11-27,2026-09-07
XL.N^I18,XL Grp,True,2015-01-01,2018-09-16,1354,2013-11-27,2018-09-26
XLNX.OQ^B22,Xilinx,True,2015-01-01,2022-02-14,2601,2013-11-27,2022-02-24
XOM.N,,False,2015-01-01,2026-09-07,4267,2013-11-27,2026-09-07
XRAY.OQ,Dentsply Sirona,False,2015-01-01,2024-04-02,3379,2013-11-27,2024-04-12
XRX.OQ,Xerox Hlngs,False,2015-01-01,2021-03-21,2271,2013-11-27,2021-03-31
XYL.N,Xylm,False,2015-01-01,2026-09-07,4267,2013-11-27,2026-09-07
XYZ.N,Block,False,2025-07-23,2026-09-07,411,2024-06-18,2026-09-07
YUM.N,,False,2015-01-01,2026-09-07,4267,2013-11-27,2026-09-07
YUMC.N,Yum China Hldg,False,2016-11-01,2016-11-01,0,2015-09-28,2016-11-11
ZBH.N,,False,2015-01-01,2026-09-07,4267,2013-11-27,2026-09-07
ZBRA.OQ,Zebra Tech,False,2019-12-23,2026-09-07,2450,2018-11-18,2026-09-07
ZIMV.OQ^J25,ZimVie,True,2022-03-01,2022-03-01,0,2021-01-25,2022-03-11
ZION.OQ,Zions Bancorp,False,2015-01-01,2024-03-17,3363,2013-11-27,2024-03-27
ZTS.N,Zoetis,False,2015-01-01,2026-09-07,4267,2013-11-27,2026-09-07
