Instrument,p_up,beta,group,eligible,reason_codes,rank,formation_session
AMD.OQ,0.6896346276141269,1.323394016786504,gpu_accelerator,True,OK,1.0,2021-01-04
NVDA.OQ,0.6888758277255664,1.6556753934769046,gpu_accelerator,True,OK,2.0,2021-01-04
TSLA.OQ,0.6802215987245803,2.213660205949558,robotics_autonomy,True,OK,3.0,2021-01-04
TER.OQ,0.6689508057364527,1.35986374695669,robotics_autonomy,True,OK,4.0,2021-01-04
ORCL.N,0.6603782964001524,0.6737147299328022,cloud_software,True,OK,5.0,2021-01-04
CSCO.OQ,0.6532346913752372,0.9266293931933096,server_network,True,OK,6.0,2021-01-04
GOOG.OQ,0.6528608283152647,1.2881923282625949,cloud_software,True,OK,7.0,2021-01-04
NTAP.OQ,0.6522411647126519,1.2114218554179947,memory_hbm_storage,True,OK,8.0,2021-01-04
CARR.N,0.6500188388162748,1.1909724255248944,data_center_power_cooling,True,OK,9.0,2021-01-04
APTV.N,0.6494867163944533,1.0885816498258314,robotics_autonomy,True,OK,10.0,2021-01-04
AMZN.OQ,0.6494489732786421,1.409820067456104,cloud_software,True,OK,11.0,2021-01-04
MSFT.OQ,0.6465491570595707,1.414748305996513,cloud_software,True,OK,12.0,2021-01-04
ANET.N,0.6371469402562349,1.0440203967367223,server_network,True,OK,13.0,2021-01-04
AVGO.OQ,0.6346443878138996,1.177463789623007,gpu_accelerator,True,OK,14.0,2021-01-04
DELL.N,0.6279769955361071,0.9784648013280028,server_network,True,OK,15.0,2021-01-04
JCI.N,0.6156942758262234,0.7666743650477222,data_center_power_cooling,True,OK,16.0,2021-01-04
STX.OQ,0.6130630928022653,0.7110068809897997,memory_hbm_storage,True,OK,17.0,2021-01-04
HON.OQ,0.6114266763695817,1.070497176725914,robotics_autonomy,True,OK,18.0,2021-01-04
META.OQ,0.6093449827669076,1.4179696598774107,cloud_software,True,OK,19.0,2021-01-04
HPE.N,0.6027354544903798,1.257559419861771,server_network,True,OK,20.0,2021-01-04
JNPR.N^G25,0.6026003578678283,1.0576809255177126,server_network,True,OK,21.0,2021-01-04
TT.N,0.6004067467522767,0.801703748471269,data_center_power_cooling,True,OK,22.0,2021-01-04
NOW.N,0.5984195696488217,1.0969358911842604,cloud_software,True,OK,23.0,2021-01-04
ADI.OQ,0.594277993496515,1.1558047905525253,ai_semiconductor,True,OK,24.0,2021-01-04
ISRG.OQ,0.59415463911812,1.318092556295469,robotics_autonomy,True,OK,25.0,2021-01-04
TXN.OQ,0.5939394412114909,1.134114028327121,ai_semiconductor,True,OK,26.0,2021-01-04
ZBRA.OQ,0.5895051760471959,1.3337902307884106,robotics_autonomy,True,OK,27.0,2021-01-04
ETN.N,0.585367516456777,0.8843348580108243,data_center_power_cooling,True,OK,28.0,2021-01-04
IRM.N,0.5838125344500518,0.5718708872111148,data_center_power_cooling,True,OK,29.0,2021-01-04
QCOM.OQ,0.5828574395365204,1.4162833477419028,ai_semiconductor,True,OK,30.0,2021-01-04
MU.OQ,0.5822884918527662,1.0609812894735122,memory_hbm_storage,True,OK,31.0,2021-01-04
SNPS.OQ,0.5715493493164792,1.2011559328015655,cloud_software,True,OK,32.0,2021-01-04
CDNS.OQ,0.5639487139996604,1.2258322375066102,cloud_software,True,OK,33.0,2021-01-04
IBM.N,0.5596543266220473,0.8186605909045377,cloud_software,True,OK,34.0,2021-01-04
ROK.N,0.5578657188310917,0.7850744845343535,robotics_autonomy,True,OK,35.0,2021-01-04
DLR.N,0.5397331945561415,0.5165723304109322,data_center_power_cooling,True,OK,36.0,2021-01-04
AMT.N,0.5388468345106866,0.7156109924089891,data_center_power_cooling,True,OK,37.0,2021-01-04
INTC.OQ,0.5241872327408477,0.9724044600368422,gpu_accelerator,True,OK,38.0,2021-01-04
EQIX.OQ,0.46275095213963713,0.7073325559904124,data_center_power_cooling,True,OK,39.0,2021-01-04
WDC.OQ,0.3354569766638878,0.8877091727041136,memory_hbm_storage,True,OK,40.0,2021-01-04
CIEN.N,,,server_network,False,NO_ACTIVE_MEMBERSHIP_ROW,,2021-01-04
MPWR.OQ,,,ai_semiconductor,False,NO_ACTIVE_MEMBERSHIP_ROW,,2021-01-04
MRVL.OQ,,,gpu_accelerator,False,NO_ACTIVE_MEMBERSHIP_ROW,,2021-01-04
NXPI.OQ,,,ai_semiconductor,False,NO_ACTIVE_MEMBERSHIP_ROW,,2021-01-04
ON.OQ,,,ai_semiconductor,False,NO_ACTIVE_MEMBERSHIP_ROW,,2021-01-04
PLTR.OQ,,,cloud_software,False,NO_ACTIVE_MEMBERSHIP_ROW,,2021-01-04
SNDK.OQ,,,memory_hbm_storage,False,NO_ACTIVE_MEMBERSHIP_ROW,,2021-01-04
TRMB.OQ,,,robotics_autonomy,False,NO_ACTIVE_MEMBERSHIP_ROW,,2021-01-04
VRT.N,,,data_center_power_cooling,False,NO_ACTIVE_MEMBERSHIP_ROW,,2021-01-04
TSLA.OQ,0.5308539872400132,2.008740742378876,robotics_autonomy,True,OK,1.0,2021-02-03
JNPR.N^G25,0.5175572796070184,0.8448215078408091,server_network,True,OK,2.0,2021-02-03
NTAP.OQ,0.5137031601325377,0.928288691268814,memory_hbm_storage,True,OK,3.0,2021-02-03
AMD.OQ,0.4686056117813165,1.3293230432016367,gpu_accelerator,True,OK,4.0,2021-02-03
ANET.N,0.46196201716900814,0.9621842409256538,server_network,True,OK,5.0,2021-02-03
CSCO.OQ,0.45737868605626925,0.8307416537367887,server_network,True,OK,6.0,2021-02-03
HPE.N,0.4477103307108631,0.91915052788415,server_network,True,OK,7.0,2021-02-03
META.OQ,0.4363688658218082,1.3782456259126667,cloud_software,True,OK,8.0,2021-02-03
MU.OQ,0.43432607633458997,1.070322191404183,memory_hbm_storage,True,OK,9.0,2021-02-03
IBM.N,0.4245155556732595,0.7179984753852764,cloud_software,True,OK,10.0,2021-02-03
ETN.N,0.4227407934483829,0.9027872737474572,data_center_power_cooling,True,OK,11.0,2021-02-03
JCI.N,0.4182019728994765,0.74664786999234,data_center_power_cooling,True,OK,12.0,2021-02-03
MSFT.OQ,0.41765219500957274,1.3219881145855703,cloud_software,True,OK,13.0,2021-02-03
ADI.OQ,0.4171002300699925,1.1713730227852948,ai_semiconductor,True,OK,14.0,2021-02-03
ORCL.N,0.4141087055937487,0.6349041050796014,cloud_software,True,OK,15.0,2021-02-03
AMZN.OQ,0.4111497224380065,1.356440550491747,cloud_software,True,OK,16.0,2021-02-03
IRM.N,0.4106660876203603,0.2078559369067071,data_center_power_cooling,True,OK,17.0,2021-02-03
GOOG.OQ,0.40788171102283244,1.3743650896880963,cloud_software,True,OK,18.0,2021-02-03
NVDA.OQ,0.401423461157514,1.590252201788205,gpu_accelerator,True,OK,19.0,2021-02-03
TER.OQ,0.39703212176864383,1.3727828836804226,robotics_autonomy,True,OK,20.0,2021-02-03
AVGO.OQ,0.38975649640483445,1.232101191101728,gpu_accelerator,True,OK,21.0,2021-02-03
TT.N,0.38236063784356344,0.7607101753569492,data_center_power_cooling,True,OK,22.0,2021-02-03
TXN.OQ,0.3767760250529731,1.1916350884779945,ai_semiconductor,True,OK,23.0,2021-02-03
CDNS.OQ,0.3727340096936965,1.2837266579179518,cloud_software,True,OK,24.0,2021-02-03
APTV.N,0.37167918550937223,1.1822586667022452,robotics_autonomy,True,OK,25.0,2021-02-03
HON.OQ,0.36846038569631623,1.0310365942731208,robotics_autonomy,True,OK,26.0,2021-02-03
STX.OQ,0.36730675843077326,0.492676295711778,memory_hbm_storage,True,OK,27.0,2021-02-03
CARR.N,0.366646094795885,1.0551533362912615,data_center_power_cooling,True,OK,28.0,2021-02-03
ISRG.OQ,0.36259110955320034,1.2759083207035176,robotics_autonomy,True,OK,29.0,2021-02-03
AMT.N,0.3551309985929171,0.7419430795318983,data_center_power_cooling,True,OK,30.0,2021-02-03
QCOM.OQ,0.3524585642359482,1.503633131466927,ai_semiconductor,True,OK,31.0,2021-02-03
WDC.OQ,0.34438672889646094,0.6869531870866693,memory_hbm_storage,True,OK,32.0,2021-02-03
TRMB.OQ,0.3427553887377845,1.3824026377178775,robotics_autonomy,True,OK,33.0,2021-02-03
ZBRA.OQ,0.33861116775491323,1.238570474578769,robotics_autonomy,True,OK,34.0,2021-02-03
INTC.OQ,0.32824993785717527,0.9698308443701428,gpu_accelerator,True,OK,35.0,2021-02-03
DELL.N,0.32760065055005105,1.0257418539757126,server_network,True,OK,36.0,2021-02-03
SNPS.OQ,0.3250414183653505,1.287246622988682,cloud_software,True,OK,37.0,2021-02-03
DLR.N,0.32457125290106725,0.4627109950268064,data_center_power_cooling,True,OK,38.0,2021-02-03
ROK.N,0.29085252726195504,0.8125136286298831,robotics_autonomy,True,OK,39.0,2021-02-03
EQIX.OQ,0.2609295086127963,0.7011087718816229,data_center_power_cooling,True,OK,40.0,2021-02-03
NOW.N,0.24187248326526448,1.117866412957573,cloud_software,True,OK,41.0,2021-02-03
CIEN.N,,,server_network,False,NO_ACTIVE_MEMBERSHIP_ROW,,2021-02-03
MPWR.OQ,,,ai_semiconductor,False,NO_ACTIVE_MEMBERSHIP_ROW,,2021-02-03
MRVL.OQ,,,gpu_accelerator,False,NO_ACTIVE_MEMBERSHIP_ROW,,2021-02-03
NXPI.OQ,,,ai_semiconductor,False,NO_ACTIVE_MEMBERSHIP_ROW,,2021-02-03
ON.OQ,,,ai_semiconductor,False,NO_ACTIVE_MEMBERSHIP_ROW,,2021-02-03
PLTR.OQ,,,cloud_software,False,NO_ACTIVE_MEMBERSHIP_ROW,,2021-02-03
SNDK.OQ,,,memory_hbm_storage,False,NO_ACTIVE_MEMBERSHIP_ROW,,2021-02-03
VRT.N,,,data_center_power_cooling,False,NO_ACTIVE_MEMBERSHIP_ROW,,2021-02-03
TSLA.OQ,0.7133840858857295,2.193221119860344,robotics_autonomy,True,OK,1.0,2021-03-05
WDC.OQ,0.6946319555691727,0.9833717455982712,memory_hbm_storage,True,OK,2.0,2021-03-05
NVDA.OQ,0.6749497836445665,1.6185454311355405,gpu_accelerator,True,OK,3.0,2021-03-05
MPWR.OQ,0.6549976472139669,1.5932246312414915,ai_semiconductor,True,OK,4.0,2021-03-05
NOW.N,0.6512507872492317,1.2005698107370406,cloud_software,True,OK,5.0,2021-03-05
TRMB.OQ,0.6439209930588596,1.4206638866195112,robotics_autonomy,True,OK,6.0,2021-03-05
HPE.N,0.6412980764910434,0.9021426129380516,server_network,True,OK,7.0,2021-03-05
MU.OQ,0.6411999395327164,1.2363004286084545,memory_hbm_storage,True,OK,8.0,2021-03-05
AMD.OQ,0.6269207263428609,1.3440255601671347,gpu_accelerator,True,OK,9.0,2021-03-05
ANET.N,0.6260703059431532,1.100361162187042,server_network,True,OK,10.0,2021-03-05
TER.OQ,0.6256719466567351,1.5985857945042758,robotics_autonomy,True,OK,11.0,2021-03-05
AVGO.OQ,0.6247742266977883,1.311584852791574,gpu_accelerator,True,OK,12.0,2021-03-05
CDNS.OQ,0.6232587837707768,1.3818984251272242,cloud_software,True,OK,13.0,2021-03-05
QCOM.OQ,0.6131803677687412,1.4562260026716654,ai_semiconductor,True,OK,14.0,2021-03-05
TXN.OQ,0.6054086435847389,1.2978878736451864,ai_semiconductor,True,OK,15.0,2021-03-05
CSCO.OQ,0.6009102810828253,0.8288899184970145,server_network,True,OK,16.0,2021-03-05
AMZN.OQ,0.6003902321268912,1.2826577475437888,cloud_software,True,OK,17.0,2021-03-05
CARR.N,0.5987831979654129,1.060138841977031,data_center_power_cooling,True,OK,18.0,2021-03-05
APTV.N,0.5980487639445613,1.2469505714029177,robotics_autonomy,True,OK,19.0,2021-03-05
ADI.OQ,0.5892219121730179,1.2522095006031255,ai_semiconductor,True,OK,20.0,2021-03-05
INTC.OQ,0.587439387892952,1.0906673142290528,gpu_accelerator,True,OK,21.0,2021-03-05
MSFT.OQ,0.5866228132014156,1.2512414859722585,cloud_software,True,OK,22.0,2021-03-05
AMT.N,0.5824188035760419,0.6881354613313673,data_center_power_cooling,True,OK,23.0,2021-03-05
STX.OQ,0.5769912549496439,0.5526262134829283,memory_hbm_storage,True,OK,24.0,2021-03-05
SNPS.OQ,0.5721447835595459,1.4400668956986449,cloud_software,True,OK,25.0,2021-03-05
ORCL.N,0.5621041728924762,0.5817125583233888,cloud_software,True,OK,26.0,2021-03-05
ZBRA.OQ,0.5574613824005978,1.3035575123732448,robotics_autonomy,True,OK,27.0,2021-03-05
NTAP.OQ,0.557356896229009,1.2118159302429068,memory_hbm_storage,True,OK,28.0,2021-03-05
ISRG.OQ,0.5494249997685834,1.3129799296937692,robotics_autonomy,True,OK,29.0,2021-03-05
JCI.N,0.5430491524188382,0.7364498926245757,data_center_power_cooling,True,OK,30.0,2021-03-05
EQIX.OQ,0.5418213562735115,0.636129393400403,data_center_power_cooling,True,OK,31.0,2021-03-05
JNPR.N^G25,0.5416838750526654,0.8452722534821482,server_network,True,OK,32.0,2021-03-05
IBM.N,0.5415775413933374,0.6990916822775117,cloud_software,True,OK,33.0,2021-03-05
GOOG.OQ,0.5403592484743046,1.3091969635641187,cloud_software,True,OK,34.0,2021-03-05
HON.OQ,0.5352712956371828,1.0241329854159504,robotics_autonomy,True,OK,35.0,2021-03-05
TT.N,0.5195086524160362,0.7859825653413132,data_center_power_cooling,True,OK,36.0,2021-03-05
DELL.N,0.5101291215283125,0.9726254674698008,server_network,True,OK,37.0,2021-03-05
ETN.N,0.5061485784679729,0.8762935927194606,data_center_power_cooling,True,OK,38.0,2021-03-05
ROK.N,0.5044187817090272,0.802932834314305,robotics_autonomy,True,OK,39.0,2021-03-05
META.OQ,0.49980137896287297,1.2634920648025982,cloud_software,True,OK,40.0,2021-03-05
DLR.N,0.463019605172252,0.371942291591173,data_center_power_cooling,True,OK,41.0,2021-03-05
IRM.N,0.40031521387115543,0.229907680175487,data_center_power_cooling,True,OK,42.0,2021-03-05
CIEN.N,,,server_network,False,NO_ACTIVE_MEMBERSHIP_ROW,,2021-03-05
MRVL.OQ,,,gpu_accelerator,False,NO_ACTIVE_MEMBERSHIP_ROW,,2021-03-05
NXPI.OQ,,,ai_semiconductor,False,NO_ACTIVE_MEMBERSHIP_ROW,,2021-03-05
ON.OQ,,,ai_semiconductor,False,NO_ACTIVE_MEMBERSHIP_ROW,,2021-03-05
PLTR.OQ,,,cloud_software,False,NO_ACTIVE_MEMBERSHIP_ROW,,2021-03-05
SNDK.OQ,,,memory_hbm_storage,False,NO_ACTIVE_MEMBERSHIP_ROW,,2021-03-05
VRT.N,,,data_center_power_cooling,False,NO_ACTIVE_MEMBERSHIP_ROW,,2021-03-05
HPE.N,0.5881683086816674,1.0065164230145185,server_network,True,OK,1.0,2021-04-06
CSCO.OQ,0.5644750020104098,0.8775511369674718,server_network,True,OK,2.0,2021-04-06
DELL.N,0.5529249366308355,1.0326569646935018,server_network,True,OK,3.0,2021-04-06
JCI.N,0.5465178988242895,0.6645324925387722,data_center_power_cooling,True,OK,4.0,2021-04-06
ANET.N,0.5389390102823646,1.190813914021394,server_network,True,OK,5.0,2021-04-06
JNPR.N^G25,0.5317678636192281,0.7489223649958551,server_network,True,OK,6.0,2021-04-06
HON.OQ,0.5265740035131361,1.0012926246958718,robotics_autonomy,True,OK,7.0,2021-04-06
INTC.OQ,0.5165228970610168,1.3104052491565044,gpu_accelerator,True,OK,8.0,2021-04-06
ZBRA.OQ,0.5055806440145189,1.1657435345737748,robotics_autonomy,True,OK,9.0,2021-04-06
MSFT.OQ,0.5042930944810835,1.1677480501551616,cloud_software,True,OK,10.0,2021-04-06
IBM.N,0.5032978757515545,0.6694737784924575,cloud_software,True,OK,11.0,2021-04-06
TT.N,0.4999720398318551,0.7809706329030105,data_center_power_cooling,True,OK,12.0,2021-04-06
AVGO.OQ,0.49805223474732985,1.4613550861485105,gpu_accelerator,True,OK,13.0,2021-04-06
AMZN.OQ,0.4928290720391585,1.1799665098066416,cloud_software,True,OK,14.0,2021-04-06
ROK.N,0.48782501926499056,0.7536443908464999,robotics_autonomy,True,OK,15.0,2021-04-06
NTAP.OQ,0.48594092363064056,1.2122941725952916,memory_hbm_storage,True,OK,16.0,2021-04-06
STX.OQ,0.4830027622227212,0.6264665651621374,memory_hbm_storage,True,OK,17.0,2021-04-06
CARR.N,0.48260997922616966,1.0104910906834217,data_center_power_cooling,True,OK,18.0,2021-04-06
APTV.N,0.4825774438696765,1.3240446451227823,robotics_autonomy,True,OK,19.0,2021-04-06
NVDA.OQ,0.4809219825241357,1.5388328278590973,gpu_accelerator,True,OK,20.0,2021-04-06
ETN.N,0.4807677419887823,0.8314200958397119,data_center_power_cooling,True,OK,21.0,2021-04-06
WDC.OQ,0.4769123569747125,1.3417886563691792,memory_hbm_storage,True,OK,22.0,2021-04-06
AMD.OQ,0.4724166343992025,1.4214945699847628,gpu_accelerator,True,OK,23.0,2021-04-06
MU.OQ,0.4710038345611916,1.6612253096376,memory_hbm_storage,True,OK,24.0,2021-04-06
QCOM.OQ,0.46563227974139293,1.5669619213553103,ai_semiconductor,True,OK,25.0,2021-04-06
DLR.N,0.46241316222810314,0.231718214562487,data_center_power_cooling,True,OK,26.0,2021-04-06
NOW.N,0.46032835600560557,1.285253281722024,cloud_software,True,OK,27.0,2021-04-06
GOOG.OQ,0.4570767253218971,1.2857090113937797,cloud_software,True,OK,28.0,2021-04-06
ADI.OQ,0.45276145513740496,1.4441115983201347,ai_semiconductor,True,OK,29.0,2021-04-06
ORCL.N,0.4473193851134831,0.5393955779289399,cloud_software,True,OK,30.0,2021-04-06
TXN.OQ,0.43930083052672675,1.4699344578891187,ai_semiconductor,True,OK,31.0,2021-04-06
AMT.N,0.4382593516500658,0.6647825817045605,data_center_power_cooling,True,OK,32.0,2021-04-06
META.OQ,0.43054010671403037,1.3635661594525443,cloud_software,True,OK,33.0,2021-04-06
EQIX.OQ,0.4289604999899805,0.6142527688326852,data_center_power_cooling,True,OK,34.0,2021-04-06
ISRG.OQ,0.4181140533376644,1.2925144925157133,robotics_autonomy,True,OK,35.0,2021-04-06
SNPS.OQ,0.3846431279407175,1.454050587399565,cloud_software,True,OK,36.0,2021-04-06
NXPI.OQ,0.36768430165227084,1.7539801686411314,ai_semiconductor,True,OK,37.0,2021-04-06
TRMB.OQ,0.36526747681968247,1.5519786180566049,robotics_autonomy,True,OK,38.0,2021-04-06
CDNS.OQ,0.36469653947465985,1.3958108226288617,cloud_software,True,OK,39.0,2021-04-06
MPWR.OQ,0.3615548552270082,1.7949589027002415,ai_semiconductor,True,OK,40.0,2021-04-06
TER.OQ,0.2944990910700528,1.8797382152093292,robotics_autonomy,True,OK,41.0,2021-04-06
TSLA.OQ,0.27186043176849795,1.888271010475684,robotics_autonomy,True,OK,42.0,2021-04-06
IRM.N,0.47736107717657256,0.159511336766243,data_center_power_cooling,False,LIQUIDITY_GATE,,2021-04-06
CIEN.N,,,server_network,False,NO_ACTIVE_MEMBERSHIP_ROW,,2021-04-06
MRVL.OQ,,,gpu_accelerator,False,NO_ACTIVE_MEMBERSHIP_ROW,,2021-04-06
ON.OQ,,,ai_semiconductor,False,NO_ACTIVE_MEMBERSHIP_ROW,,2021-04-06
PLTR.OQ,,,cloud_software,False,NO_ACTIVE_MEMBERSHIP_ROW,,2021-04-06
SNDK.OQ,,,memory_hbm_storage,False,NO_ACTIVE_MEMBERSHIP_ROW,,2021-04-06
VRT.N,,,data_center_power_cooling,False,NO_ACTIVE_MEMBERSHIP_ROW,,2021-04-06
WDC.OQ,0.733832646990527,1.672966406181077,memory_hbm_storage,True,OK,1.0,2021-05-05
NVDA.OQ,0.7256921846005844,1.640864061677842,gpu_accelerator,True,OK,2.0,2021-05-05
STX.OQ,0.7184332621740742,0.785029535746933,memory_hbm_storage,True,OK,3.0,2021-05-05
MPWR.OQ,0.7123053471599531,2.0552557376273377,ai_semiconductor,True,OK,4.0,2021-05-05
MSFT.OQ,0.7022976990094784,1.1023319083707697,cloud_software,True,OK,5.0,2021-05-05
HPE.N,0.7020556198536742,0.8893703163328949,server_network,True,OK,6.0,2021-05-05
AMZN.OQ,0.7012636413939239,1.0967688900352282,cloud_software,True,OK,7.0,2021-05-05
ANET.N,0.70067403479504,1.3818839377614562,server_network,True,OK,8.0,2021-05-05
AVGO.OQ,0.6852439070503702,1.6227275470490805,gpu_accelerator,True,OK,9.0,2021-05-05
DELL.N,0.682895339143143,1.0958778837442082,server_network,True,OK,10.0,2021-05-05
CARR.N,0.682871064657496,1.0595967421718042,data_center_power_cooling,True,OK,11.0,2021-05-05
TRMB.OQ,0.681486298521973,1.6317907254732769,robotics_autonomy,True,OK,12.0,2021-05-05
QCOM.OQ,0.6813108508883696,1.7961003944947334,ai_semiconductor,True,OK,13.0,2021-05-05
INTC.OQ,0.6796013779494894,1.484049068054427,gpu_accelerator,True,OK,14.0,2021-05-05
GOOG.OQ,0.6754663336723876,1.270225004823914,cloud_software,True,OK,15.0,2021-05-05
NOW.N,0.6749468888819329,1.3663145608287148,cloud_software,True,OK,16.0,2021-05-05
CSCO.OQ,0.6726858700170567,0.8852945037238024,server_network,True,OK,17.0,2021-05-05
MU.OQ,0.6672002994528878,1.9961399548764696,memory_hbm_storage,True,OK,18.0,2021-05-05
NXPI.OQ,0.6591875899759847,2.005187957179837,ai_semiconductor,True,OK,19.0,2021-05-05
AMD.OQ,0.6556644408741019,1.6411442928293731,gpu_accelerator,True,OK,20.0,2021-05-05
TXN.OQ,0.6556331242920845,1.6252369170042271,ai_semiconductor,True,OK,21.0,2021-05-05
APTV.N,0.6544067286615126,1.4010541690565088,robotics_autonomy,True,OK,22.0,2021-05-05
SNPS.OQ,0.6538741662712116,1.667017108184388,cloud_software,True,OK,23.0,2021-05-05
ETN.N,0.6509259480815107,0.8331775474702585,data_center_power_cooling,True,OK,24.0,2021-05-05
JCI.N,0.6503731861009486,0.6127494818877162,data_center_power_cooling,True,OK,25.0,2021-05-05
ZBRA.OQ,0.6482653213889656,1.26039158559171,robotics_autonomy,True,OK,26.0,2021-05-05
CDNS.OQ,0.6466347595010172,1.561631490641416,cloud_software,True,OK,27.0,2021-05-05
ADI.OQ,0.6366205366582743,1.5819400433800503,ai_semiconductor,True,OK,28.0,2021-05-05
TER.OQ,0.6344789731834097,2.3063894295845526,robotics_autonomy,True,OK,29.0,2021-05-05
META.OQ,0.6264494761305541,1.2947636241753004,cloud_software,True,OK,30.0,2021-05-05
AMT.N,0.6258861246941657,0.6712898578759641,data_center_power_cooling,True,OK,31.0,2021-05-05
ISRG.OQ,0.6201286212563669,1.3825193842604035,robotics_autonomy,True,OK,32.0,2021-05-05
ROK.N,0.6155330338549061,0.8262877011914024,robotics_autonomy,True,OK,33.0,2021-05-05
TSLA.OQ,0.6113823655918664,2.023372874783108,robotics_autonomy,True,OK,34.0,2021-05-05
IBM.N,0.6062308694261587,0.6192355849216189,cloud_software,True,OK,35.0,2021-05-05
TT.N,0.6057807825536254,0.9692568420954538,data_center_power_cooling,True,OK,36.0,2021-05-05
HON.OQ,0.5894917484875922,0.9544223662750898,robotics_autonomy,True,OK,37.0,2021-05-05
JNPR.N^G25,0.5793968811312549,0.6793430998777288,server_network,True,OK,38.0,2021-05-05
NTAP.OQ,0.5752188463266374,1.242933749961682,memory_hbm_storage,True,OK,39.0,2021-05-05
ORCL.N,0.5527974711159199,0.3956889657423554,cloud_software,True,OK,40.0,2021-05-05
DLR.N,0.5361126337417814,0.1573465127699156,data_center_power_cooling,True,OK,41.0,2021-05-05
EQIX.OQ,0.51912083126827,0.6403263020878492,data_center_power_cooling,True,OK,42.0,2021-05-05
IRM.N,0.6363574821075293,-0.0413478989598352,data_center_power_cooling,False,LIQUIDITY_GATE,,2021-05-05
CIEN.N,,,server_network,False,NO_ACTIVE_MEMBERSHIP_ROW,,2021-05-05
MRVL.OQ,,,gpu_accelerator,False,NO_ACTIVE_MEMBERSHIP_ROW,,2021-05-05
ON.OQ,,,ai_semiconductor,False,NO_ACTIVE_MEMBERSHIP_ROW,,2021-05-05
PLTR.OQ,,,cloud_software,False,NO_ACTIVE_MEMBERSHIP_ROW,,2021-05-05
SNDK.OQ,,,memory_hbm_storage,False,NO_ACTIVE_MEMBERSHIP_ROW,,2021-05-05
VRT.N,,,data_center_power_cooling,False,NO_ACTIVE_MEMBERSHIP_ROW,,2021-05-05
TSLA.OQ,0.6756117658833363,2.433577759904208,robotics_autonomy,True,OK,1.0,2021-06-04
AMZN.OQ,0.5611223183119355,1.1175293068299643,cloud_software,True,OK,2.0,2021-06-04
INTC.OQ,0.5537351764990709,1.615396514010815,gpu_accelerator,True,OK,3.0,2021-06-04
NXPI.OQ,0.5524400746297194,2.287549219407848,ai_semiconductor,True,OK,4.0,2021-06-04
GOOG.OQ,0.551098596458164,1.3417304061603612,cloud_software,True,OK,5.0,2021-06-04
TXN.OQ,0.5507126544731692,1.7851477735961203,ai_semiconductor,True,OK,6.0,2021-06-04
NOW.N,0.5323007179823814,1.5285816788921476,cloud_software,True,OK,7.0,2021-06-04
MSFT.OQ,0.5293639007237855,1.1466525365169,cloud_software,True,OK,8.0,2021-06-04
META.OQ,0.528524421960393,1.2770275018265,cloud_software,True,OK,9.0,2021-06-04
AVGO.OQ,0.5283064353625702,1.804065424149099,gpu_accelerator,True,OK,10.0,2021-06-04
MU.OQ,0.5269476661904277,2.120995840790396,memory_hbm_storage,True,OK,11.0,2021-06-04
QCOM.OQ,0.5241880241988148,1.736676437323313,ai_semiconductor,True,OK,12.0,2021-06-04
TER.OQ,0.5190327185171204,2.4719088507585325,robotics_autonomy,True,OK,13.0,2021-06-04
HPE.N,0.517117001271386,0.7528857141913711,server_network,True,OK,14.0,2021-06-04
AMD.OQ,0.5147131264156304,1.7181818632590184,gpu_accelerator,True,OK,15.0,2021-06-04
ADI.OQ,0.5084223133736305,1.6495364280863531,ai_semiconductor,True,OK,16.0,2021-06-04
CARR.N,0.5059583064863483,1.0242547092488217,data_center_power_cooling,True,OK,17.0,2021-06-04
MPWR.OQ,0.5018100488155742,2.4645979474730515,ai_semiconductor,True,OK,18.0,2021-06-04
SNPS.OQ,0.5012805371299591,1.8112000751829225,cloud_software,True,OK,19.0,2021-06-04
ISRG.OQ,0.4987439508037026,1.406037554509164,robotics_autonomy,True,OK,20.0,2021-06-04
NVDA.OQ,0.49543132793003775,1.8946433897672412,gpu_accelerator,True,OK,21.0,2021-06-04
TT.N,0.4953562752581949,0.9919961553051836,data_center_power_cooling,True,OK,22.0,2021-06-04
CSCO.OQ,0.4881154086273875,0.8241273161236151,server_network,True,OK,23.0,2021-06-04
CDNS.OQ,0.4841433964759023,1.656991637260407,cloud_software,True,OK,24.0,2021-06-04
IBM.N,0.4833381958565783,0.5915491873936086,cloud_software,True,OK,25.0,2021-06-04
TRMB.OQ,0.48174095294319946,1.623463234897608,robotics_autonomy,True,OK,26.0,2021-06-04
JCI.N,0.47815535492721917,0.8058179188105805,data_center_power_cooling,True,OK,27.0,2021-06-04
AMT.N,0.47474765379984796,0.7225596443586145,data_center_power_cooling,True,OK,28.0,2021-06-04
NTAP.OQ,0.4728669629010529,1.2379180731875197,memory_hbm_storage,True,OK,29.0,2021-06-04
ETN.N,0.4547065105041917,0.8554306810068921,data_center_power_cooling,True,OK,30.0,2021-06-04
HON.OQ,0.4423232820724899,0.8385503214226174,robotics_autonomy,True,OK,31.0,2021-06-04
ORCL.N,0.4402304038905173,0.4291889878473927,cloud_software,True,OK,32.0,2021-06-04
JNPR.N^G25,0.43690917433027776,0.6689252272831564,server_network,True,OK,33.0,2021-06-04
STX.OQ,0.4364589616787238,0.9595303858840102,memory_hbm_storage,True,OK,34.0,2021-06-04
DELL.N,0.43453891612374695,1.2189850429461848,server_network,True,OK,35.0,2021-06-04
WDC.OQ,0.4295620647068552,1.8795925439393888,memory_hbm_storage,True,OK,36.0,2021-06-04
ANET.N,0.429146909305301,1.2571556733566245,server_network,True,OK,37.0,2021-06-04
DLR.N,0.42073215992920304,0.3283204268445788,data_center_power_cooling,True,OK,38.0,2021-06-04
IRM.N,0.412983677817299,0.1055846860945381,data_center_power_cooling,True,OK,39.0,2021-06-04
ZBRA.OQ,0.40288309876838524,1.094326136979538,robotics_autonomy,True,OK,40.0,2021-06-04
ROK.N,0.38397692106627346,0.9228051140408544,robotics_autonomy,True,OK,41.0,2021-06-04
APTV.N,0.36238472544189704,1.4138423837539185,robotics_autonomy,True,OK,42.0,2021-06-04
EQIX.OQ,0.3615567105161216,0.7036001545830299,data_center_power_cooling,True,OK,43.0,2021-06-04
CIEN.N,,,server_network,False,NO_ACTIVE_MEMBERSHIP_ROW,,2021-06-04
MRVL.OQ,,,gpu_accelerator,False,NO_ACTIVE_MEMBERSHIP_ROW,,2021-06-04
ON.OQ,,,ai_semiconductor,False,NO_ACTIVE_MEMBERSHIP_ROW,,2021-06-04
PLTR.OQ,,,cloud_software,False,NO_ACTIVE_MEMBERSHIP_ROW,,2021-06-04
SNDK.OQ,,,memory_hbm_storage,False,NO_ACTIVE_MEMBERSHIP_ROW,,2021-06-04
VRT.N,,,data_center_power_cooling,False,NO_ACTIVE_MEMBERSHIP_ROW,,2021-06-04
IBM.N,0.6564605581442087,0.5577841586760138,cloud_software,True,OK,1.0,2021-07-06
NVDA.OQ,0.5967480485934168,1.8848044743415495,gpu_accelerator,True,OK,2.0,2021-07-06
WDC.OQ,0.5898651271092143,1.6357767883858163,memory_hbm_storage,True,OK,3.0,2021-07-06
TER.OQ,0.586255615951228,2.4798665494966667,robotics_autonomy,True,OK,4.0,2021-07-06
AVGO.OQ,0.5836856433801649,1.7950496743773068,gpu_accelerator,True,OK,5.0,2021-07-06
TSLA.OQ,0.5759509042685772,2.378007652068245,robotics_autonomy,True,OK,6.0,2021-07-06
GOOG.OQ,0.5705016421926687,1.3208345160548312,cloud_software,True,OK,7.0,2021-07-06
NTAP.OQ,0.5670785170046048,1.3238511891063085,memory_hbm_storage,True,OK,8.0,2021-07-06
MU.OQ,0.5667662449187231,2.068605400044821,memory_hbm_storage,True,OK,9.0,2021-07-06
ANET.N,0.5609397785864032,1.237421092315694,server_network,True,OK,10.0,2021-07-06
NXPI.OQ,0.5595637277735273,2.258019826447852,ai_semiconductor,True,OK,11.0,2021-07-06
ROK.N,0.5545802221763323,0.9137890305659132,robotics_autonomy,True,OK,12.0,2021-07-06
CARR.N,0.5531348666840347,1.0046485094083235,data_center_power_cooling,True,OK,13.0,2021-07-06
IRM.N,0.5503658173574049,0.1215037782015349,data_center_power_cooling,True,OK,14.0,2021-07-06
JNPR.N^G25,0.5476035164863999,0.7668181358769786,server_network,True,OK,15.0,2021-07-06
CSCO.OQ,0.5463261596060375,0.8880695040094072,server_network,True,OK,16.0,2021-07-06
INTC.OQ,0.5404018988123445,1.6172739209812754,gpu_accelerator,True,OK,17.0,2021-07-06
HPE.N,0.5385736858806542,0.7089672459774615,server_network,True,OK,18.0,2021-07-06
APTV.N,0.5361773185539173,1.492457770050632,robotics_autonomy,True,OK,19.0,2021-07-06
DLR.N,0.5351640603346917,0.3114072284692563,data_center_power_cooling,True,OK,20.0,2021-07-06
JCI.N,0.535053306469469,0.8269758996541786,data_center_power_cooling,True,OK,21.0,2021-07-06
TRMB.OQ,0.5341759050882946,1.6552677034200265,robotics_autonomy,True,OK,22.0,2021-07-06
DELL.N,0.5328879926332014,1.1817336371129012,server_network,True,OK,23.0,2021-07-06
META.OQ,0.5291888080322805,1.2967707371115258,cloud_software,True,OK,24.0,2021-07-06
ADI.OQ,0.5271995374179363,1.6327752652592178,ai_semiconductor,True,OK,25.0,2021-07-06
TXN.OQ,0.5211452570083952,1.7885313397405591,ai_semiconductor,True,OK,26.0,2021-07-06
QCOM.OQ,0.517481673765514,1.695433724108928,ai_semiconductor,True,OK,27.0,2021-07-06
AMT.N,0.5151675306290173,0.6898904019971828,data_center_power_cooling,True,OK,28.0,2021-07-06
EQIX.OQ,0.5101023819842584,0.5996030321103634,data_center_power_cooling,True,OK,29.0,2021-07-06
ETN.N,0.5075454439732505,0.8956124332149606,data_center_power_cooling,True,OK,30.0,2021-07-06
AMZN.OQ,0.5057133874420202,1.060456286939548,cloud_software,True,OK,31.0,2021-07-06
CDNS.OQ,0.5040951328561996,1.697005641098959,cloud_software,True,OK,32.0,2021-07-06
HON.OQ,0.5037527991542214,0.8526467128626048,robotics_autonomy,True,OK,33.0,2021-07-06
TT.N,0.503065425902459,1.0599134003820156,data_center_power_cooling,True,OK,34.0,2021-07-06
STX.OQ,0.5001160586787099,0.9450085112963904,memory_hbm_storage,True,OK,35.0,2021-07-06
SNPS.OQ,0.4994952656421381,1.7986920153234949,cloud_software,True,OK,36.0,2021-07-06
ISRG.OQ,0.49784203832607454,1.4241272044872844,robotics_autonomy,True,OK,37.0,2021-07-06
NOW.N,0.49677685854331755,1.5168942238176018,cloud_software,True,OK,38.0,2021-07-06
MSFT.OQ,0.4967125852784844,1.1809564700085722,cloud_software,True,OK,39.0,2021-07-06
ORCL.N,0.4579980527391191,0.5610503232896332,cloud_software,True,OK,40.0,2021-07-06
MPWR.OQ,0.45622274375749877,2.4200010058626664,ai_semiconductor,True,OK,41.0,2021-07-06
AMD.OQ,0.44560968318044586,1.6218032564364002,gpu_accelerator,True,OK,42.0,2021-07-06
ZBRA.OQ,0.43139980477376294,1.1835397191761214,robotics_autonomy,True,OK,43.0,2021-07-06
CIEN.N,,,server_network,False,NO_ACTIVE_MEMBERSHIP_ROW,,2021-07-06
MRVL.OQ,,,gpu_accelerator,False,NO_ACTIVE_MEMBERSHIP_ROW,,2021-07-06
ON.OQ,,,ai_semiconductor,False,NO_ACTIVE_MEMBERSHIP_ROW,,2021-07-06
PLTR.OQ,,,cloud_software,False,NO_ACTIVE_MEMBERSHIP_ROW,,2021-07-06
SNDK.OQ,,,memory_hbm_storage,False,NO_ACTIVE_MEMBERSHIP_ROW,,2021-07-06
VRT.N,,,data_center_power_cooling,False,NO_ACTIVE_MEMBERSHIP_ROW,,2021-07-06
NVDA.OQ,0.6140026834134983,1.930298044117926,gpu_accelerator,True,OK,1.0,2021-08-04
META.OQ,0.5594546803939763,1.3436437160762342,cloud_software,True,OK,2.0,2021-08-04
AMZN.OQ,0.5561465555186699,0.97961327004331,cloud_software,True,OK,3.0,2021-08-04
ANET.N,0.5549475848253287,1.3791691479458918,server_network,True,OK,4.0,2021-08-04
NOW.N,0.5505617913704517,1.3123468691815885,cloud_software,True,OK,5.0,2021-08-04
GOOG.OQ,0.5438884997074271,1.1822448963667822,cloud_software,True,OK,6.0,2021-08-04
AVGO.OQ,0.5360526716005335,1.7985207341794964,gpu_accelerator,True,OK,7.0,2021-08-04
MSFT.OQ,0.5342655286704691,1.1559204342232527,cloud_software,True,OK,8.0,2021-08-04
TXN.OQ,0.5214203810206967,1.7712836163285892,ai_semiconductor,True,OK,9.0,2021-08-04
TER.OQ,0.5155089164591623,2.62502102148974,robotics_autonomy,True,OK,10.0,2021-08-04
INTC.OQ,0.5110594987304545,1.5907712061464274,gpu_accelerator,True,OK,11.0,2021-08-04
QCOM.OQ,0.5084166275500723,1.698158201960307,ai_semiconductor,True,OK,12.0,2021-08-04
AMT.N,0.5019183155699847,0.6101785045215155,data_center_power_cooling,True,OK,13.0,2021-08-04
CSCO.OQ,0.49866670828120935,1.0536256902114969,server_network,True,OK,14.0,2021-08-04
SNPS.OQ,0.4982329964948855,1.7320909970174667,cloud_software,True,OK,15.0,2021-08-04
TSLA.OQ,0.48685725410962144,2.222955460210224,robotics_autonomy,True,OK,16.0,2021-08-04
ISRG.OQ,0.4867755817907821,1.4153762980001572,robotics_autonomy,True,OK,17.0,2021-08-04
CDNS.OQ,0.4854003369736019,1.6719916452190229,cloud_software,True,OK,18.0,2021-08-04
ADI.OQ,0.48227350311849587,1.6870813655181087,ai_semiconductor,True,OK,19.0,2021-08-04
ZBRA.OQ,0.4711302138616472,1.3515671137722185,robotics_autonomy,True,OK,20.0,2021-08-04
TRMB.OQ,0.4645479430933164,1.630553292898719,robotics_autonomy,True,OK,21.0,2021-08-04
NTAP.OQ,0.4638806203444205,1.818781194154008,memory_hbm_storage,True,OK,22.0,2021-08-04
EQIX.OQ,0.4567719634706606,0.4418931972204365,data_center_power_cooling,True,OK,23.0,2021-08-04
DLR.N,0.45623636280299745,0.2857230458777365,data_center_power_cooling,True,OK,24.0,2021-08-04
NXPI.OQ,0.4550986929434018,2.3087539973570053,ai_semiconductor,True,OK,25.0,2021-08-04
IBM.N,0.44224128925149436,0.6355942733905141,cloud_software,True,OK,26.0,2021-08-04
HON.OQ,0.43793682498811987,0.9300705187181806,robotics_autonomy,True,OK,27.0,2021-08-04
ORCL.N,0.43724500952521805,0.6702489610336023,cloud_software,True,OK,28.0,2021-08-04
JCI.N,0.4343773567646772,0.8780674911571037,data_center_power_cooling,True,OK,29.0,2021-08-04
MPWR.OQ,0.42341125825181675,2.29128577419581,ai_semiconductor,True,OK,30.0,2021-08-04
APTV.N,0.4181216988881901,1.4954847477045945,robotics_autonomy,True,OK,31.0,2021-08-04
WDC.OQ,0.4128790947102489,2.326134147973693,memory_hbm_storage,True,OK,32.0,2021-08-04
DELL.N,0.4087377525044156,1.168047963080454,server_network,True,OK,33.0,2021-08-04
TT.N,0.3987789252608887,1.072040380591029,data_center_power_cooling,True,OK,34.0,2021-08-04
HPE.N,0.3959654697593888,1.2562824814885574,server_network,True,OK,35.0,2021-08-04
ROK.N,0.3919733446673187,0.9232407720484528,robotics_autonomy,True,OK,36.0,2021-08-04
MU.OQ,0.3838712680665728,2.231136985328543,memory_hbm_storage,True,OK,37.0,2021-08-04
JNPR.N^G25,0.38385619723459413,1.1351024443944713,server_network,True,OK,38.0,2021-08-04
ETN.N,0.36891786257647613,0.90855962691086,data_center_power_cooling,True,OK,39.0,2021-08-04
STX.OQ,0.3661998739402695,1.5918670008875655,memory_hbm_storage,True,OK,40.0,2021-08-04
CARR.N,0.3458715368844426,1.1554409045875516,data_center_power_cooling,True,OK,41.0,2021-08-04
AMD.OQ,0.32437280097606724,1.6234087231505512,gpu_accelerator,True,OK,42.0,2021-08-04
IRM.N,0.47971487262873724,0.7780127876579173,data_center_power_cooling,False,LIQUIDITY_GATE,,2021-08-04
CIEN.N,,,server_network,False,NO_ACTIVE_MEMBERSHIP_ROW,,2021-08-04
MRVL.OQ,,,gpu_accelerator,False,NO_ACTIVE_MEMBERSHIP_ROW,,2021-08-04
ON.OQ,,,ai_semiconductor,False,NO_ACTIVE_MEMBERSHIP_ROW,,2021-08-04
PLTR.OQ,,,cloud_software,False,NO_ACTIVE_MEMBERSHIP_ROW,,2021-08-04
SNDK.OQ,,,memory_hbm_storage,False,NO_ACTIVE_MEMBERSHIP_ROW,,2021-08-04
VRT.N,,,data_center_power_cooling,False,NO_ACTIVE_MEMBERSHIP_ROW,,2021-08-04
ANET.N,0.5871494329325394,1.3183660799865615,server_network,True,OK,1.0,2021-09-02
WDC.OQ,0.5824938715466184,2.303117941414192,memory_hbm_storage,True,OK,2.0,2021-09-02
NXPI.OQ,0.5734111501838536,2.331304512492173,ai_semiconductor,True,OK,3.0,2021-09-02
TSLA.OQ,0.5674499024277266,1.6825559151472729,robotics_autonomy,True,OK,4.0,2021-09-02
AMD.OQ,0.5665611914920725,1.4547917526724723,gpu_accelerator,True,OK,5.0,2021-09-02
NVDA.OQ,0.5653800981051087,1.9116915907199856,gpu_accelerator,True,OK,6.0,2021-09-02
AVGO.OQ,0.5493617832797745,1.720141691693894,gpu_accelerator,True,OK,7.0,2021-09-02
ADI.OQ,0.5490756803455014,1.537668871665286,ai_semiconductor,True,OK,8.0,2021-09-02
TRMB.OQ,0.543250033880158,1.5260959913165253,robotics_autonomy,True,OK,9.0,2021-09-02
MSFT.OQ,0.5421432380510668,1.2312750892154305,cloud_software,True,OK,10.0,2021-09-02
TXN.OQ,0.5404396654894543,1.634710289963685,ai_semiconductor,True,OK,11.0,2021-09-02
TER.OQ,0.5363883865931118,2.43273312443685,robotics_autonomy,True,OK,12.0,2021-09-02
INTC.OQ,0.528268012026588,1.4726498359687783,gpu_accelerator,True,OK,13.0,2021-09-02
MPWR.OQ,0.5255807343778021,2.008778341345067,ai_semiconductor,True,OK,14.0,2021-09-02
CDNS.OQ,0.5227218846521984,1.5126629075928588,cloud_software,True,OK,15.0,2021-09-02
MU.OQ,0.5210060283382664,2.106838962179987,memory_hbm_storage,True,OK,16.0,2021-09-02
CSCO.OQ,0.5202161798622138,1.0936944525199748,server_network,True,OK,17.0,2021-09-02
QCOM.OQ,0.5186900153178842,1.844512227694179,ai_semiconductor,True,OK,18.0,2021-09-02
ETN.N,0.5160029552965617,1.0248524230650802,data_center_power_cooling,True,OK,19.0,2021-09-02
GOOG.OQ,0.5147869987689927,1.286114215735736,cloud_software,True,OK,20.0,2021-09-02
APTV.N,0.5093975498723857,1.4871146876762027,robotics_autonomy,True,OK,21.0,2021-09-02
CARR.N,0.508478454682908,1.1118508439614807,data_center_power_cooling,True,OK,22.0,2021-09-02
JCI.N,0.5044366068027051,1.0264742970986716,data_center_power_cooling,True,OK,23.0,2021-09-02
DELL.N,0.4980667053173414,1.296132618134478,server_network,True,OK,24.0,2021-09-02
ISRG.OQ,0.495113639381425,1.2792555473794136,robotics_autonomy,True,OK,25.0,2021-09-02
NOW.N,0.4900638320468003,0.9965769140949958,cloud_software,True,OK,26.0,2021-09-02
STX.OQ,0.4846425773557491,1.926564836969104,memory_hbm_storage,True,OK,27.0,2021-09-02
IBM.N,0.4775907548104044,0.7082797018477063,cloud_software,True,OK,28.0,2021-09-02
TT.N,0.475812171992593,1.0700986013725329,data_center_power_cooling,True,OK,29.0,2021-09-02
HON.OQ,0.47557073500133074,0.935725734024898,robotics_autonomy,True,OK,30.0,2021-09-02
META.OQ,0.47205463612338205,1.4888554316041205,cloud_software,True,OK,31.0,2021-09-02
HPE.N,0.4687958869101126,1.4276187538697542,server_network,True,OK,32.0,2021-09-02
ROK.N,0.4637717313847466,0.9351732316863076,robotics_autonomy,True,OK,33.0,2021-09-02
ORCL.N,0.46157543469249734,0.8168840770492967,cloud_software,True,OK,34.0,2021-09-02
AMZN.OQ,0.46019480804379564,0.9902474940546064,cloud_software,True,OK,35.0,2021-09-02
SNPS.OQ,0.45849489236601726,1.3774482315905994,cloud_software,True,OK,36.0,2021-09-02
ZBRA.OQ,0.45023300281882506,1.3427404128248352,robotics_autonomy,True,OK,37.0,2021-09-02
NTAP.OQ,0.4160488947824997,1.3299048753806846,memory_hbm_storage,True,OK,38.0,2021-09-02
AMT.N,0.39898674880752644,0.6300869980206114,data_center_power_cooling,True,OK,39.0,2021-09-02
DLR.N,0.36009937117955415,0.4107426572339325,data_center_power_cooling,True,OK,40.0,2021-09-02
EQIX.OQ,0.2926721305847568,0.4234830262023201,data_center_power_cooling,True,OK,41.0,2021-09-02
JNPR.N^G25,0.4797728541176183,1.2245548711913046,server_network,False,LIQUIDITY_GATE,,2021-09-02
IRM.N,0.3898184315839127,0.8865300291361361,data_center_power_cooling,False,LIQUIDITY_GATE,,2021-09-02
CIEN.N,,,server_network,False,NO_ACTIVE_MEMBERSHIP_ROW,,2021-09-02
MRVL.OQ,,,gpu_accelerator,False,NO_ACTIVE_MEMBERSHIP_ROW,,2021-09-02
ON.OQ,,,ai_semiconductor,False,NO_ACTIVE_MEMBERSHIP_ROW,,2021-09-02
PLTR.OQ,,,cloud_software,False,NO_ACTIVE_MEMBERSHIP_ROW,,2021-09-02
SNDK.OQ,,,memory_hbm_storage,False,NO_ACTIVE_MEMBERSHIP_ROW,,2021-09-02
VRT.N,,,data_center_power_cooling,False,NO_ACTIVE_MEMBERSHIP_ROW,,2021-09-02
NVDA.OQ,0.6165466788429376,1.6492245539584212,gpu_accelerator,True,OK,1.0,2021-10-04
NXPI.OQ,0.5815121102372409,1.687270297737448,ai_semiconductor,True,OK,2.0,2021-10-04
AVGO.OQ,0.569834572259025,1.267425744599777,gpu_accelerator,True,OK,3.0,2021-10-04
MPWR.OQ,0.5687424011813782,1.4213136354991012,ai_semiconductor,True,OK,4.0,2021-10-04
ADI.OQ,0.5665833380596839,1.1607928249231143,ai_semiconductor,True,OK,5.0,2021-10-04
QCOM.OQ,0.5548787866447535,1.4030190493246115,ai_semiconductor,True,OK,6.0,2021-10-04
TSLA.OQ,0.5524250433126398,1.152568227284747,robotics_autonomy,True,OK,7.0,2021-10-04
ZBRA.OQ,0.5515815287735948,1.402570720309709,robotics_autonomy,True,OK,8.0,2021-10-04
CDNS.OQ,0.5499165531010045,1.2285802362130602,cloud_software,True,OK,9.0,2021-10-04
TER.OQ,0.5468375118668819,1.9185716692722572,robotics_autonomy,True,OK,10.0,2021-10-04
MU.OQ,0.5453397689435859,1.434418186638478,memory_hbm_storage,True,OK,11.0,2021-10-04
AMD.OQ,0.5434836822309123,1.1624795073375782,gpu_accelerator,True,OK,12.0,2021-10-04
JCI.N,0.5336272047455871,1.2610141289513717,data_center_power_cooling,True,OK,13.0,2021-10-04
CSCO.OQ,0.533373804086726,1.0052096520561329,server_network,True,OK,14.0,2021-10-04
AMZN.OQ,0.5316831464487668,0.9313492986501049,cloud_software,True,OK,15.0,2021-10-04
SNPS.OQ,0.5264765345822776,1.2172572166037614,cloud_software,True,OK,16.0,2021-10-04
NOW.N,0.5221234338646947,0.825899975853586,cloud_software,True,OK,17.0,2021-10-04
GOOG.OQ,0.5194448407908703,1.294740707595933,cloud_software,True,OK,18.0,2021-10-04
AMT.N,0.5107625622264232,0.526271961471015,data_center_power_cooling,True,OK,19.0,2021-10-04
META.OQ,0.5085171006246704,1.2281169567596162,cloud_software,True,OK,20.0,2021-10-04
MSFT.OQ,0.5084924970885882,1.1868667722380104,cloud_software,True,OK,21.0,2021-10-04
TRMB.OQ,0.5065070120571463,1.2726667393631523,robotics_autonomy,True,OK,22.0,2021-10-04
CARR.N,0.5040263559866327,1.2628767900800832,data_center_power_cooling,True,OK,23.0,2021-10-04
INTC.OQ,0.5036822506223301,0.9930753654384566,gpu_accelerator,True,OK,24.0,2021-10-04
TXN.OQ,0.5032933998320653,1.258573070137719,ai_semiconductor,True,OK,25.0,2021-10-04
IRM.N,0.5031235330849201,0.934882654020547,data_center_power_cooling,True,OK,26.0,2021-10-04
NTAP.OQ,0.502601822970203,1.1953143056055349,memory_hbm_storage,True,OK,27.0,2021-10-04
ETN.N,0.49925026981646325,1.12289878672669,data_center_power_cooling,True,OK,28.0,2021-10-04
ANET.N,0.4965257355321387,1.1593687840380094,server_network,True,OK,29.0,2021-10-04
DLR.N,0.4959706029978028,0.3106622991220681,data_center_power_cooling,True,OK,30.0,2021-10-04
TT.N,0.4903220378499913,1.1941877245086676,data_center_power_cooling,True,OK,31.0,2021-10-04
ROK.N,0.4888249526644809,1.013693655087289,robotics_autonomy,True,OK,32.0,2021-10-04
ISRG.OQ,0.48229672514007993,1.1900527556119191,robotics_autonomy,True,OK,33.0,2021-10-04
STX.OQ,0.4734663686198528,1.8164478735284488,memory_hbm_storage,True,OK,34.0,2021-10-04
ORCL.N,0.4609672485511292,0.9097828149092312,cloud_software,True,OK,35.0,2021-10-04
HON.OQ,0.46013414317119167,1.047631231059699,robotics_autonomy,True,OK,36.0,2021-10-04
DELL.N,0.4471179808654578,1.1210720309695923,server_network,True,OK,37.0,2021-10-04
EQIX.OQ,0.4438623977195813,0.2519147183037804,data_center_power_cooling,True,OK,38.0,2021-10-04
WDC.OQ,0.4437589544261755,1.8530216153071997,memory_hbm_storage,True,OK,39.0,2021-10-04
APTV.N,0.419267081468803,1.5687591741725002,robotics_autonomy,True,OK,40.0,2021-10-04
IBM.N,0.4135711080390927,0.7643316331213992,cloud_software,True,OK,41.0,2021-10-04
HPE.N,0.3822843642830669,1.144587326714249,server_network,True,OK,42.0,2021-10-04
JNPR.N^G25,0.48232850343927725,1.2398064400651558,server_network,False,LIQUIDITY_GATE,,2021-10-04
CIEN.N,,,server_network,False,NO_ACTIVE_MEMBERSHIP_ROW,,2021-10-04
MRVL.OQ,,,gpu_accelerator,False,NO_ACTIVE_MEMBERSHIP_ROW,,2021-10-04
ON.OQ,,,ai_semiconductor,False,NO_ACTIVE_MEMBERSHIP_ROW,,2021-10-04
PLTR.OQ,,,cloud_software,False,NO_ACTIVE_MEMBERSHIP_ROW,,2021-10-04
SNDK.OQ,,,memory_hbm_storage,False,NO_ACTIVE_MEMBERSHIP_ROW,,2021-10-04
VRT.N,,,data_center_power_cooling,False,NO_ACTIVE_MEMBERSHIP_ROW,,2021-10-04
ORCL.N,0.60127629171722,0.846623473395485,cloud_software,True,OK,1.0,2021-11-02
AMZN.OQ,0.5844802488807972,0.9153167031206504,cloud_software,True,OK,2.0,2021-11-02
TXN.OQ,0.5825807478217535,1.2665271402053584,ai_semiconductor,True,OK,3.0,2021-11-02
AVGO.OQ,0.5784329722371944,1.27124411761384,gpu_accelerator,True,OK,4.0,2021-11-02
NOW.N,0.5783882504215916,1.0011171723507424,cloud_software,True,OK,5.0,2021-11-02
GOOG.OQ,0.5697278496770863,1.236169322592381,cloud_software,True,OK,6.0,2021-11-02
CARR.N,0.5478843905056441,1.291928006090503,data_center_power_cooling,True,OK,7.0,2021-11-02
CSCO.OQ,0.5381462069637507,0.9628767415427668,server_network,True,OK,8.0,2021-11-02
NTAP.OQ,0.5339329984249392,1.2060553415611062,memory_hbm_storage,True,OK,9.0,2021-11-02
JCI.N,0.5311462702240861,1.3064000469478232,data_center_power_cooling,True,OK,10.0,2021-11-02
HPE.N,0.5239774856343445,1.0852261578389972,server_network,True,OK,11.0,2021-11-02
ADI.OQ,0.5239156718886258,1.1581262387584206,ai_semiconductor,True,OK,12.0,2021-11-02
DELL.N,0.5197745201574796,1.0372114305881313,server_network,True,OK,13.0,2021-11-02
MSFT.OQ,0.5112329376396612,1.13210973462375,cloud_software,True,OK,14.0,2021-11-02
ISRG.OQ,0.5064953714277216,1.0657704655608733,robotics_autonomy,True,OK,15.0,2021-11-02
INTC.OQ,0.5054303884686419,1.0896353220302375,gpu_accelerator,True,OK,16.0,2021-11-02
ETN.N,0.5010671152401704,1.247926666886519,data_center_power_cooling,True,OK,17.0,2021-11-02
AMT.N,0.5009421917342538,0.5607540788158166,data_center_power_cooling,True,OK,18.0,2021-11-02
TRMB.OQ,0.4967406407669722,1.360662582383836,robotics_autonomy,True,OK,19.0,2021-11-02
QCOM.OQ,0.49623470347685716,1.2752706144175574,ai_semiconductor,True,OK,20.0,2021-11-02
TT.N,0.4954813704937084,1.1851395871711794,data_center_power_cooling,True,OK,21.0,2021-11-02
HON.OQ,0.49409666790911566,1.1033488983016273,robotics_autonomy,True,OK,22.0,2021-11-02
META.OQ,0.49307023411379974,1.2408752713606075,cloud_software,True,OK,23.0,2021-11-02
IBM.N,0.4896054592637511,0.6921762131098717,cloud_software,True,OK,24.0,2021-11-02
SNPS.OQ,0.48878998376536503,1.2699673976881385,cloud_software,True,OK,25.0,2021-11-02
NVDA.OQ,0.48646981501714354,1.595598729897126,gpu_accelerator,True,OK,26.0,2021-11-02
ANET.N,0.4853341196340587,1.0911575673354796,server_network,True,OK,27.0,2021-11-02
ROK.N,0.4733648893098956,1.058214854055673,robotics_autonomy,True,OK,28.0,2021-11-02
MU.OQ,0.46929174485622865,1.3151154640724685,memory_hbm_storage,True,OK,29.0,2021-11-02
CDNS.OQ,0.46815356885899045,1.2596371162145044,cloud_software,True,OK,30.0,2021-11-02
APTV.N,0.46306622952525317,1.4260713046843274,robotics_autonomy,True,OK,31.0,2021-11-02
DLR.N,0.46215482510118455,0.4235284642034242,data_center_power_cooling,True,OK,32.0,2021-11-02
MPWR.OQ,0.45561615493795277,1.395040405910617,ai_semiconductor,True,OK,33.0,2021-11-02
NXPI.OQ,0.45395223190563755,1.7228683453216704,ai_semiconductor,True,OK,34.0,2021-11-02
WDC.OQ,0.44710474122092747,1.7467392252094414,memory_hbm_storage,True,OK,35.0,2021-11-02
EQIX.OQ,0.4426146166306473,0.2779511800453823,data_center_power_cooling,True,OK,36.0,2021-11-02
AMD.OQ,0.4335401760506419,0.98500288340409,gpu_accelerator,True,OK,37.0,2021-11-02
STX.OQ,0.4312669934028411,1.6092877166515531,memory_hbm_storage,True,OK,38.0,2021-11-02
ZBRA.OQ,0.4159303023599438,1.4108363002531985,robotics_autonomy,True,OK,39.0,2021-11-02
JNPR.N^G25,0.39324836207336683,1.0222498421425608,server_network,True,OK,40.0,2021-11-02
TER.OQ,0.3107156516197543,1.9064558752059957,robotics_autonomy,True,OK,41.0,2021-11-02
TSLA.OQ,0.29216779394412673,1.1358413606782742,robotics_autonomy,True,OK,42.0,2021-11-02
IRM.N,0.5203832306981628,0.9946118638379862,data_center_power_cooling,False,LIQUIDITY_GATE,,2021-11-02
CIEN.N,,,server_network,False,NO_ACTIVE_MEMBERSHIP_ROW,,2021-11-02
MRVL.OQ,,,gpu_accelerator,False,NO_ACTIVE_MEMBERSHIP_ROW,,2021-11-02
ON.OQ,,,ai_semiconductor,False,NO_ACTIVE_MEMBERSHIP_ROW,,2021-11-02
PLTR.OQ,,,cloud_software,False,NO_ACTIVE_MEMBERSHIP_ROW,,2021-11-02
SNDK.OQ,,,memory_hbm_storage,False,NO_ACTIVE_MEMBERSHIP_ROW,,2021-11-02
VRT.N,,,data_center_power_cooling,False,NO_ACTIVE_MEMBERSHIP_ROW,,2021-11-02
NOW.N,0.5970001547705331,1.2400527618981534,cloud_software,True,OK,1.0,2021-12-02
NVDA.OQ,0.5822841014512236,1.7697349982562949,gpu_accelerator,True,OK,2.0,2021-12-02
AMD.OQ,0.5797875885027352,1.343158118578426,gpu_accelerator,True,OK,3.0,2021-12-02
ANET.N,0.5646488612031774,1.2086312150066207,server_network,True,OK,4.0,2021-12-02
META.OQ,0.5595015406789414,1.3482719545695785,cloud_software,True,OK,5.0,2021-12-02
TSLA.OQ,0.5541331171071392,0.9010239889981914,robotics_autonomy,True,OK,6.0,2021-12-02
JNPR.N^G25,0.5323034589125436,0.9596931680704904,server_network,True,OK,7.0,2021-12-02
AMZN.OQ,0.5217971737864086,0.9949245403917866,cloud_software,True,OK,8.0,2021-12-02
HON.OQ,0.5211947082583446,1.024839975332779,robotics_autonomy,True,OK,9.0,2021-12-02
ORCL.N,0.5139177624622736,0.8579374443216565,cloud_software,True,OK,10.0,2021-12-02
APTV.N,0.5119247523609577,1.3413523959924831,robotics_autonomy,True,OK,11.0,2021-12-02
MSFT.OQ,0.5022942714680055,1.058634654263849,cloud_software,True,OK,12.0,2021-12-02
ETN.N,0.4979370645420388,1.2769263866418912,data_center_power_cooling,True,OK,13.0,2021-12-02
AVGO.OQ,0.4943529074358162,1.1587956878464802,gpu_accelerator,True,OK,14.0,2021-12-02
GOOG.OQ,0.49391369523935613,1.2107412949622498,cloud_software,True,OK,15.0,2021-12-02
ROK.N,0.4815777246879532,1.0356866940805092,robotics_autonomy,True,OK,16.0,2021-12-02
INTC.OQ,0.47940563929466384,0.988056267596344,gpu_accelerator,True,OK,17.0,2021-12-02
DELL.N,0.4786049164177412,0.8889269472233264,server_network,True,OK,18.0,2021-12-02
JCI.N,0.4745466296332983,1.3099311487029113,data_center_power_cooling,True,OK,19.0,2021-12-02
TT.N,0.47380847166535023,1.0995655467381489,data_center_power_cooling,True,OK,20.0,2021-12-02
HPE.N,0.4731469219213245,0.900561234762977,server_network,True,OK,21.0,2021-12-02
ISRG.OQ,0.4668010910629204,1.137808279924971,robotics_autonomy,True,OK,22.0,2021-12-02
CARR.N,0.46646714692731756,1.199603124628878,data_center_power_cooling,True,OK,23.0,2021-12-02
QCOM.OQ,0.46426565599699915,1.40498876743335,ai_semiconductor,True,OK,24.0,2021-12-02
TRMB.OQ,0.4639339374865268,1.383231664420423,robotics_autonomy,True,OK,25.0,2021-12-02
DLR.N,0.4622232198022542,0.5274822512263614,data_center_power_cooling,True,OK,26.0,2021-12-02
TXN.OQ,0.46179854242948376,1.1541214573945864,ai_semiconductor,True,OK,27.0,2021-12-02
CSCO.OQ,0.459685249276611,0.8300478226708313,server_network,True,OK,28.0,2021-12-02
SNPS.OQ,0.45901247228553815,1.3288497302573457,cloud_software,True,OK,29.0,2021-12-02
CDNS.OQ,0.4513276213776298,1.4155658262758246,cloud_software,True,OK,30.0,2021-12-02
WDC.OQ,0.4440600194712982,1.341960943450295,memory_hbm_storage,True,OK,31.0,2021-12-02
MU.OQ,0.43775024337018104,1.1379182395530991,memory_hbm_storage,True,OK,32.0,2021-12-02
ADI.OQ,0.43675750442841466,1.0705466517260296,ai_semiconductor,True,OK,33.0,2021-12-02
TER.OQ,0.43581555130430766,1.668083853195065,robotics_autonomy,True,OK,34.0,2021-12-02
AMT.N,0.4344879750173881,0.5698205932386927,data_center_power_cooling,True,OK,35.0,2021-12-02
IBM.N,0.4115625604534772,0.646172145175089,cloud_software,True,OK,36.0,2021-12-02
NXPI.OQ,0.4034954979713946,1.627284350200366,ai_semiconductor,True,OK,37.0,2021-12-02
ZBRA.OQ,0.40299851265889614,1.4173863001339706,robotics_autonomy,True,OK,38.0,2021-12-02
NTAP.OQ,0.4017137262834158,1.084035320874961,memory_hbm_storage,True,OK,39.0,2021-12-02
STX.OQ,0.39293304587115635,1.2449860877373229,memory_hbm_storage,True,OK,40.0,2021-12-02
MPWR.OQ,0.3693419475511701,1.3015678468087963,ai_semiconductor,True,OK,41.0,2021-12-02
EQIX.OQ,0.3528047943263276,0.2796868729559514,data_center_power_cooling,True,OK,42.0,2021-12-02
IRM.N,0.4489889195587025,0.8563794629020931,data_center_power_cooling,False,LIQUIDITY_GATE,,2021-12-02
CIEN.N,,,server_network,False,NO_ACTIVE_MEMBERSHIP_ROW,,2021-12-02
MRVL.OQ,,,gpu_accelerator,False,NO_ACTIVE_MEMBERSHIP_ROW,,2021-12-02
ON.OQ,,,ai_semiconductor,False,NO_ACTIVE_MEMBERSHIP_ROW,,2021-12-02
PLTR.OQ,,,cloud_software,False,NO_ACTIVE_MEMBERSHIP_ROW,,2021-12-02
SNDK.OQ,,,memory_hbm_storage,False,NO_ACTIVE_MEMBERSHIP_ROW,,2021-12-02
VRT.N,,,data_center_power_cooling,False,NO_ACTIVE_MEMBERSHIP_ROW,,2021-12-02
NVDA.OQ,0.590895271440484,2.165087837268545,gpu_accelerator,True,OK,1.0,2022-01-03
AMD.OQ,0.5636791913800077,1.7406300763016855,gpu_accelerator,True,OK,2.0,2022-01-03
AMZN.OQ,0.560551120267946,1.0347235738896088,cloud_software,True,OK,3.0,2022-01-03
GOOG.OQ,0.5499852119680128,1.1866016745177177,cloud_software,True,OK,4.0,2022-01-03
MSFT.OQ,0.5410807924011177,1.1388577698767326,cloud_software,True,OK,5.0,2022-01-03
MU.OQ,0.5264989598036188,1.2965900252328992,memory_hbm_storage,True,OK,6.0,2022-01-03
AVGO.OQ,0.5249342002619258,1.2040431139450638,gpu_accelerator,True,OK,7.0,2022-01-03
TER.OQ,0.5207746972164121,1.6438226476115607,robotics_autonomy,True,OK,8.0,2022-01-03
STX.OQ,0.5142596912822364,1.2388129985482133,memory_hbm_storage,True,OK,9.0,2022-01-03
QCOM.OQ,0.5078090978648916,1.4104838029228908,ai_semiconductor,True,OK,10.0,2022-01-03
TSLA.OQ,0.5072450594136634,1.3753929978102757,robotics_autonomy,True,OK,11.0,2022-01-03
META.OQ,0.5060124217415246,1.277737754448627,cloud_software,True,OK,12.0,2022-01-03
HPE.N,0.5051530467410338,0.928325991437194,server_network,True,OK,13.0,2022-01-03
ANET.N,0.5048670857482696,1.3003725922368865,server_network,True,OK,14.0,2022-01-03
CSCO.OQ,0.5001513880543343,0.8250749747183391,server_network,True,OK,15.0,2022-01-03
CDNS.OQ,0.4946721762857441,1.6042346709498403,cloud_software,True,OK,16.0,2022-01-03
TXN.OQ,0.4911905548873216,1.1014349930633085,ai_semiconductor,True,OK,17.0,2022-01-03
INTC.OQ,0.4828169556892512,1.029161037780766,gpu_accelerator,True,OK,18.0,2022-01-03
DELL.N,0.48208612522208344,0.9534857798931596,server_network,True,OK,19.0,2022-01-03
IRM.N,0.47823383684927767,0.8202444016796743,data_center_power_cooling,True,OK,20.0,2022-01-03
SNPS.OQ,0.4765385049743672,1.5644263823666624,cloud_software,True,OK,21.0,2022-01-03
NXPI.OQ,0.47591560326725324,1.5838742450256036,ai_semiconductor,True,OK,22.0,2022-01-03
NOW.N,0.47521415892863667,1.6289090265067074,cloud_software,True,OK,23.0,2022-01-03
JCI.N,0.4719539403828261,1.1712539430877915,data_center_power_cooling,True,OK,24.0,2022-01-03
ADI.OQ,0.46906907931603864,1.072573166086682,ai_semiconductor,True,OK,25.0,2022-01-03
ISRG.OQ,0.4639676829626878,1.2628083179915113,robotics_autonomy,True,OK,26.0,2022-01-03
ETN.N,0.4622845205782576,1.188796604728963,data_center_power_cooling,True,OK,27.0,2022-01-03
TRMB.OQ,0.4591759276338257,1.484339913789117,robotics_autonomy,True,OK,28.0,2022-01-03
ORCL.N,0.4553853408831278,0.9992174447033508,cloud_software,True,OK,29.0,2022-01-03
JNPR.N^G25,0.45506076106074933,0.9368063260937568,server_network,True,OK,30.0,2022-01-03
CARR.N,0.45288769711777066,1.1308589474418522,data_center_power_cooling,True,OK,31.0,2022-01-03
APTV.N,0.4514986892167147,1.406253020866428,robotics_autonomy,True,OK,32.0,2022-01-03
NTAP.OQ,0.4503098184919058,0.9559010631255052,memory_hbm_storage,True,OK,33.0,2022-01-03
HON.OQ,0.4479916098326013,0.9602836125084856,robotics_autonomy,True,OK,34.0,2022-01-03
DLR.N,0.44726433556173256,0.4764498430762048,data_center_power_cooling,True,OK,35.0,2022-01-03
TT.N,0.4452873326357203,1.0168672766296376,data_center_power_cooling,True,OK,36.0,2022-01-03
ROK.N,0.437162277352236,1.0571504444722015,robotics_autonomy,True,OK,37.0,2022-01-03
ZBRA.OQ,0.43505665075693906,1.4487030997680037,robotics_autonomy,True,OK,38.0,2022-01-03
IBM.N,0.42531791860862067,0.4935290294319016,cloud_software,True,OK,39.0,2022-01-03
WDC.OQ,0.42220073812149594,1.3773037621656683,memory_hbm_storage,True,OK,40.0,2022-01-03
MPWR.OQ,0.41587631069507686,1.272345860572334,ai_semiconductor,True,OK,41.0,2022-01-03
AMT.N,0.41294072906297885,0.5565048531399778,data_center_power_cooling,True,OK,42.0,2022-01-03
EQIX.OQ,0.3971633220681156,0.3034879444054858,data_center_power_cooling,True,OK,43.0,2022-01-03
CIEN.N,,,server_network,False,NO_ACTIVE_MEMBERSHIP_ROW,,2022-01-03
MRVL.OQ,,,gpu_accelerator,False,NO_ACTIVE_MEMBERSHIP_ROW,,2022-01-03
ON.OQ,,,ai_semiconductor,False,NO_ACTIVE_MEMBERSHIP_ROW,,2022-01-03
PLTR.OQ,,,cloud_software,False,NO_ACTIVE_MEMBERSHIP_ROW,,2022-01-03
SNDK.OQ,,,memory_hbm_storage,False,NO_ACTIVE_MEMBERSHIP_ROW,,2022-01-03
VRT.N,,,data_center_power_cooling,False,NO_ACTIVE_MEMBERSHIP_ROW,,2022-01-03
TT.N,0.7631104952392587,0.846836441594186,data_center_power_cooling,True,OK,1.0,2022-02-02
INTC.OQ,0.7594485178163362,0.9701456628397076,gpu_accelerator,True,OK,2.0,2022-02-02
CSCO.OQ,0.7461547919327027,0.850476452045221,server_network,True,OK,3.0,2022-02-02
MU.OQ,0.7390835248297574,1.3581018196660726,memory_hbm_storage,True,OK,4.0,2022-02-02
DLR.N,0.7363697660945728,0.5780550686257696,data_center_power_cooling,True,OK,5.0,2022-02-02
JCI.N,0.7294721070138538,0.9911621382386128,data_center_power_cooling,True,OK,6.0,2022-02-02
CARR.N,0.7232722172881211,0.9904546098025484,data_center_power_cooling,True,OK,7.0,2022-02-02
TER.OQ,0.7193420912781282,1.8525380893118093,robotics_autonomy,True,OK,8.0,2022-02-02
WDC.OQ,0.7090202636945675,1.0725029091316154,memory_hbm_storage,True,OK,9.0,2022-02-02
IBM.N,0.7050743580991128,0.3381725711438148,cloud_software,True,OK,10.0,2022-02-02
JNPR.N^G25,0.704342458480741,1.009925039879773,server_network,True,OK,11.0,2022-02-02
ANET.N,0.7000235598102054,1.41156158335499,server_network,True,OK,12.0,2022-02-02
ROK.N,0.6984195788125481,0.9396910532588912,robotics_autonomy,True,OK,13.0,2022-02-02
MSFT.OQ,0.6823108205677748,1.1866413583227855,cloud_software,True,OK,14.0,2022-02-02
AMT.N,0.6807948210995342,0.7454181975088215,data_center_power_cooling,True,OK,15.0,2022-02-02
NTAP.OQ,0.6777132658729774,1.028596735508315,memory_hbm_storage,True,OK,16.0,2022-02-02
ETN.N,0.6748243613687902,0.9912204038201338,data_center_power_cooling,True,OK,17.0,2022-02-02
ORCL.N,0.6712579033487274,0.94303373052754,cloud_software,True,OK,18.0,2022-02-02
EQIX.OQ,0.6701460850512905,0.6298855751497218,data_center_power_cooling,True,OK,19.0,2022-02-02
IRM.N,0.6689064421575054,0.8531574244709147,data_center_power_cooling,True,OK,20.0,2022-02-02
HON.OQ,0.6555839497666863,0.7409102620376582,robotics_autonomy,True,OK,21.0,2022-02-02
TXN.OQ,0.6548757843610978,1.083263845911598,ai_semiconductor,True,OK,22.0,2022-02-02
NVDA.OQ,0.6494693287690146,2.474933092159175,gpu_accelerator,True,OK,23.0,2022-02-02
QCOM.OQ,0.6428475418454845,1.5486965500103265,ai_semiconductor,True,OK,24.0,2022-02-02
ADI.OQ,0.6399470595869775,1.147679848493428,ai_semiconductor,True,OK,25.0,2022-02-02
AMZN.OQ,0.6333796204213216,1.270666458974936,cloud_software,True,OK,26.0,2022-02-02
TSLA.OQ,0.6314363857302917,1.88825540474852,robotics_autonomy,True,OK,27.0,2022-02-02
AVGO.OQ,0.6265809119143932,1.4180320009256384,gpu_accelerator,True,OK,28.0,2022-02-02
META.OQ,0.6228988819515157,1.3749231559275932,cloud_software,True,OK,29.0,2022-02-02
TRMB.OQ,0.6221441533198532,1.5637603179518778,robotics_autonomy,True,OK,30.0,2022-02-02
HPE.N,0.6217891534628338,0.8054463708852261,server_network,True,OK,31.0,2022-02-02
GOOG.OQ,0.61752699432195,1.255955102288424,cloud_software,True,OK,32.0,2022-02-02
APTV.N,0.6118638624576215,1.2072299759051404,robotics_autonomy,True,OK,33.0,2022-02-02
CDNS.OQ,0.6117846676421219,1.8268471967604951,cloud_software,True,OK,34.0,2022-02-02
DELL.N,0.6075660643128469,0.9020093404854438,server_network,True,OK,35.0,2022-02-02
AMD.OQ,0.6000906934272741,2.128293092338558,gpu_accelerator,True,OK,36.0,2022-02-02
SNPS.OQ,0.5961908790729811,1.775482937470063,cloud_software,True,OK,37.0,2022-02-02
ZBRA.OQ,0.5912274388490986,1.4772842101748302,robotics_autonomy,True,OK,38.0,2022-02-02
NXPI.OQ,0.5883094586661648,1.7007192043373691,ai_semiconductor,True,OK,39.0,2022-02-02
STX.OQ,0.5794547709253428,1.2252764305847907,memory_hbm_storage,True,OK,40.0,2022-02-02
ISRG.OQ,0.566844384112654,1.563189712750579,robotics_autonomy,True,OK,41.0,2022-02-02
NOW.N,0.5043885291625376,1.8466166443412424,cloud_software,True,OK,42.0,2022-02-02
MPWR.OQ,0.5029601308782423,1.62918972612792,ai_semiconductor,True,OK,43.0,2022-02-02
CIEN.N,,,server_network,False,NO_ACTIVE_MEMBERSHIP_ROW,,2022-02-02
MRVL.OQ,,,gpu_accelerator,False,NO_ACTIVE_MEMBERSHIP_ROW,,2022-02-02
ON.OQ,,,ai_semiconductor,False,NO_ACTIVE_MEMBERSHIP_ROW,,2022-02-02
PLTR.OQ,,,cloud_software,False,NO_ACTIVE_MEMBERSHIP_ROW,,2022-02-02
SNDK.OQ,,,memory_hbm_storage,False,NO_ACTIVE_MEMBERSHIP_ROW,,2022-02-02
VRT.N,,,data_center_power_cooling,False,NO_ACTIVE_MEMBERSHIP_ROW,,2022-02-02
APTV.N,0.7086798659054421,1.4066896361752088,robotics_autonomy,True,OK,1.0,2022-03-04
AMD.OQ,0.6920991439026412,2.356239628989425,gpu_accelerator,True,OK,2.0,2022-03-04
ANET.N,0.6798687840048752,1.5933512058464718,server_network,True,OK,3.0,2022-03-04
MU.OQ,0.670084076212285,1.5063697763540425,memory_hbm_storage,True,OK,4.0,2022-03-04
DELL.N,0.662988228568376,0.7777357884857794,server_network,True,OK,5.0,2022-03-04
INTC.OQ,0.65881514556342,1.0610436931114522,gpu_accelerator,True,OK,6.0,2022-03-04
QCOM.OQ,0.6521338096473895,1.7526512520364053,ai_semiconductor,True,OK,7.0,2022-03-04
AVGO.OQ,0.6454614746619726,1.4477687360933904,gpu_accelerator,True,OK,8.0,2022-03-04
HPE.N,0.6438845778067469,0.8501538321270563,server_network,True,OK,9.0,2022-03-04
NVDA.OQ,0.6416034230814892,2.5242906221613923,gpu_accelerator,True,OK,10.0,2022-03-04
NOW.N,0.6399889861240846,1.869432490813468,cloud_software,True,OK,11.0,2022-03-04
MSFT.OQ,0.6355224715732617,1.2379608192473497,cloud_software,True,OK,12.0,2022-03-04
GOOG.OQ,0.6307448558377564,1.2602520658599412,cloud_software,True,OK,13.0,2022-03-04
CSCO.OQ,0.6272715545655441,0.8340616927894586,server_network,True,OK,14.0,2022-03-04
AMZN.OQ,0.6268357159311617,1.3614026376574977,cloud_software,True,OK,15.0,2022-03-04
JNPR.N^G25,0.616683501579817,1.0046773694413509,server_network,True,OK,16.0,2022-03-04
STX.OQ,0.6139647721231196,1.1740565558770262,memory_hbm_storage,True,OK,17.0,2022-03-04
NXPI.OQ,0.6124473428949446,1.868587579487184,ai_semiconductor,True,OK,18.0,2022-03-04
TSLA.OQ,0.6069607522759969,1.8962145766063327,robotics_autonomy,True,OK,19.0,2022-03-04
JCI.N,0.6057467039255818,1.0817446153916075,data_center_power_cooling,True,OK,20.0,2022-03-04
META.OQ,0.5975529381039576,1.8191997397434567,cloud_software,True,OK,21.0,2022-03-04
MPWR.OQ,0.5952222679135292,1.8109876108282696,ai_semiconductor,True,OK,22.0,2022-03-04
IBM.N,0.595040196040583,0.3914052897064337,cloud_software,True,OK,23.0,2022-03-04
TXN.OQ,0.5879804267676584,1.1655691305297118,ai_semiconductor,True,OK,24.0,2022-03-04
TRMB.OQ,0.5840817924071049,1.5002591715723612,robotics_autonomy,True,OK,25.0,2022-03-04
NTAP.OQ,0.5820730379949116,1.003012681816769,memory_hbm_storage,True,OK,26.0,2022-03-04
ADI.OQ,0.5797065324309641,1.3704544182019296,ai_semiconductor,True,OK,27.0,2022-03-04
WDC.OQ,0.5776804488810647,1.1008100923126027,memory_hbm_storage,True,OK,28.0,2022-03-04
TER.OQ,0.5757393391980978,1.8495070082068363,robotics_autonomy,True,OK,29.0,2022-03-04
ZBRA.OQ,0.5735994748375186,1.5027961037931945,robotics_autonomy,True,OK,30.0,2022-03-04
SNPS.OQ,0.565264798085122,1.826633106865164,cloud_software,True,OK,31.0,2022-03-04
CDNS.OQ,0.5648591167112045,1.7833720959761246,cloud_software,True,OK,32.0,2022-03-04
DLR.N,0.5569439345635216,0.6293256956969198,data_center_power_cooling,True,OK,33.0,2022-03-04
TT.N,0.5549841542766742,0.8785922658691028,data_center_power_cooling,True,OK,34.0,2022-03-04
HON.OQ,0.5530740634449335,0.9575381604351496,robotics_autonomy,True,OK,35.0,2022-03-04
ORCL.N,0.5448199799917548,1.0310291395454907,cloud_software,True,OK,36.0,2022-03-04
AMT.N,0.5435698977116228,0.6954969326415305,data_center_power_cooling,True,OK,37.0,2022-03-04
CARR.N,0.5432518719088902,1.0521206697288423,data_center_power_cooling,True,OK,38.0,2022-03-04
ETN.N,0.5395016178788564,1.0919926905106747,data_center_power_cooling,True,OK,39.0,2022-03-04
ROK.N,0.5307721982257576,1.033407700002373,robotics_autonomy,True,OK,40.0,2022-03-04
ISRG.OQ,0.5245956128944954,1.4770644261640469,robotics_autonomy,True,OK,41.0,2022-03-04
EQIX.OQ,0.4867001979007806,0.6430372355152726,data_center_power_cooling,True,OK,42.0,2022-03-04
IRM.N,0.44054881555626524,0.9488728552022042,data_center_power_cooling,True,OK,43.0,2022-03-04
CIEN.N,,,server_network,False,NO_ACTIVE_MEMBERSHIP_ROW,,2022-03-04
MRVL.OQ,,,gpu_accelerator,False,NO_ACTIVE_MEMBERSHIP_ROW,,2022-03-04
ON.OQ,,,ai_semiconductor,False,NO_ACTIVE_MEMBERSHIP_ROW,,2022-03-04
PLTR.OQ,,,cloud_software,False,NO_ACTIVE_MEMBERSHIP_ROW,,2022-03-04
SNDK.OQ,,,memory_hbm_storage,False,NO_ACTIVE_MEMBERSHIP_ROW,,2022-03-04
VRT.N,,,data_center_power_cooling,False,NO_ACTIVE_MEMBERSHIP_ROW,,2022-03-04
INTC.OQ,0.6679392329501613,1.071292165584057,gpu_accelerator,True,OK,1.0,2022-04-04
QCOM.OQ,0.6602239524048035,1.8505006518118876,ai_semiconductor,True,OK,2.0,2022-04-04
HPE.N,0.6594987342907936,0.8457011442233752,server_network,True,OK,3.0,2022-04-04
DELL.N,0.6435611622266431,0.8780399880446864,server_network,True,OK,4.0,2022-04-04
NVDA.OQ,0.6269719714938929,2.660839748887874,gpu_accelerator,True,OK,5.0,2022-04-04
ORCL.N,0.6074536688567064,1.0112693779516404,cloud_software,True,OK,6.0,2022-04-04
AMD.OQ,0.6056443797805718,2.389440720464988,gpu_accelerator,True,OK,7.0,2022-04-04
AVGO.OQ,0.5896158013541078,1.4400247781905833,gpu_accelerator,True,OK,8.0,2022-04-04
JNPR.N^G25,0.5888802521045405,0.9590208431649342,server_network,True,OK,9.0,2022-04-04
CSCO.OQ,0.5818015359843611,0.7740249326777068,server_network,True,OK,10.0,2022-04-04
WDC.OQ,0.5759219658704678,1.3282866608498265,memory_hbm_storage,True,OK,11.0,2022-04-04
MU.OQ,0.5717601079886122,1.7748958190415804,memory_hbm_storage,True,OK,12.0,2022-04-04
TXN.OQ,0.5716653477671246,1.200028644161169,ai_semiconductor,True,OK,13.0,2022-04-04
NTAP.OQ,0.5715976951918574,0.9764619129166396,memory_hbm_storage,True,OK,14.0,2022-04-04
IBM.N,0.5702470762785474,0.3461784727805816,cloud_software,True,OK,15.0,2022-04-04
MPWR.OQ,0.5612761012033813,2.068851641144449,ai_semiconductor,True,OK,16.0,2022-04-04
ANET.N,0.5572333124405238,1.613926299814291,server_network,True,OK,17.0,2022-04-04
GOOG.OQ,0.5533707561012087,1.29153229893043,cloud_software,True,OK,18.0,2022-04-04
NXPI.OQ,0.5489434513031601,1.8178074732393472,ai_semiconductor,True,OK,19.0,2022-04-04
NOW.N,0.546936756539211,2.075178017863485,cloud_software,True,OK,20.0,2022-04-04
AMZN.OQ,0.5364101431941283,1.4106090530405595,cloud_software,True,OK,21.0,2022-04-04
ETN.N,0.5352199697918463,1.0402981681968684,data_center_power_cooling,True,OK,22.0,2022-04-04
MSFT.OQ,0.5347841953213028,1.2713584593683571,cloud_software,True,OK,23.0,2022-04-04
CARR.N,0.5267934879712814,1.1154535081809616,data_center_power_cooling,True,OK,24.0,2022-04-04
TER.OQ,0.5238934883603266,1.8988422472126385,robotics_autonomy,True,OK,25.0,2022-04-04
STX.OQ,0.5236042314889784,1.1373365821519064,memory_hbm_storage,True,OK,26.0,2022-04-04
HON.OQ,0.5092498909351693,0.9086135199029528,robotics_autonomy,True,OK,27.0,2022-04-04
ADI.OQ,0.5080699451630997,1.507393481255407,ai_semiconductor,True,OK,28.0,2022-04-04
IRM.N,0.5052336373837599,0.8500137752019236,data_center_power_cooling,True,OK,29.0,2022-04-04
JCI.N,0.48912127482959833,1.1154152662964902,data_center_power_cooling,True,OK,30.0,2022-04-04
CDNS.OQ,0.4787082362751418,1.7696633463305222,cloud_software,True,OK,31.0,2022-04-04
TT.N,0.45844912619071587,0.9653735315735402,data_center_power_cooling,True,OK,32.0,2022-04-04
TSLA.OQ,0.45752350896343547,1.9814009510759896,robotics_autonomy,True,OK,33.0,2022-04-04
ZBRA.OQ,0.45308863964908014,1.553704113903048,robotics_autonomy,True,OK,34.0,2022-04-04
TRMB.OQ,0.45248548218001516,1.5619489215137763,robotics_autonomy,True,OK,35.0,2022-04-04
SNPS.OQ,0.4458655939185247,1.850017837345612,cloud_software,True,OK,36.0,2022-04-04
ROK.N,0.44434193579390113,0.9273813059349808,robotics_autonomy,True,OK,37.0,2022-04-04
AMT.N,0.4356723385000884,0.6926593154947458,data_center_power_cooling,True,OK,38.0,2022-04-04
ISRG.OQ,0.4330616345041803,1.5100835933964196,robotics_autonomy,True,OK,39.0,2022-04-04
APTV.N,0.4292609882266256,1.5765829064827592,robotics_autonomy,True,OK,40.0,2022-04-04
DLR.N,0.4244003601997888,0.6819424849803952,data_center_power_cooling,True,OK,41.0,2022-04-04
META.OQ,0.40748090947643145,1.9737525714749,cloud_software,True,OK,42.0,2022-04-04
EQIX.OQ,0.3663647258553361,0.7701999599516282,data_center_power_cooling,True,OK,43.0,2022-04-04
CIEN.N,,,server_network,False,NO_ACTIVE_MEMBERSHIP_ROW,,2022-04-04
MRVL.OQ,,,gpu_accelerator,False,NO_ACTIVE_MEMBERSHIP_ROW,,2022-04-04
ON.OQ,,,ai_semiconductor,False,NO_ACTIVE_MEMBERSHIP_ROW,,2022-04-04
PLTR.OQ,,,cloud_software,False,NO_ACTIVE_MEMBERSHIP_ROW,,2022-04-04
SNDK.OQ,,,memory_hbm_storage,False,NO_ACTIVE_MEMBERSHIP_ROW,,2022-04-04
VRT.N,,,data_center_power_cooling,False,NO_ACTIVE_MEMBERSHIP_ROW,,2022-04-04
ROK.N,0.8170973853140857,0.9085076541360072,robotics_autonomy,True,OK,1.0,2022-05-04
ANET.N,0.6804981166535291,1.6287423789932698,server_network,True,OK,2.0,2022-05-04
AMZN.OQ,0.6629882822342651,1.6333244509386615,cloud_software,True,OK,3.0,2022-05-04
ORCL.N,0.649987632635509,1.048290914640855,cloud_software,True,OK,4.0,2022-05-04
CSCO.OQ,0.6321160867178766,0.8110541312981533,server_network,True,OK,5.0,2022-05-04
JNPR.N^G25,0.6279357730410464,1.0220585356382772,server_network,True,OK,6.0,2022-05-04
CARR.N,0.6223728737031883,1.0236793846058068,data_center_power_cooling,True,OK,7.0,2022-05-04
IBM.N,0.6054644007803517,0.399892822629828,cloud_software,True,OK,8.0,2022-05-04
TT.N,0.6053939467735413,0.9288788624120748,data_center_power_cooling,True,OK,9.0,2022-05-04
TXN.OQ,0.6052465124177617,1.1273103091933456,ai_semiconductor,True,OK,10.0,2022-05-04
INTC.OQ,0.605240107980053,1.139028534647898,gpu_accelerator,True,OK,11.0,2022-05-04
AMT.N,0.5949998775497205,0.6539321384157762,data_center_power_cooling,True,OK,12.0,2022-05-04
TSLA.OQ,0.5941845890399737,1.863429700520796,robotics_autonomy,True,OK,13.0,2022-05-04
DLR.N,0.5927924462728007,0.6873023408997985,data_center_power_cooling,True,OK,14.0,2022-05-04
NTAP.OQ,0.5919309298893409,0.9246405941610264,memory_hbm_storage,True,OK,15.0,2022-05-04
NVDA.OQ,0.5909499966363287,2.577370658201169,gpu_accelerator,True,OK,16.0,2022-05-04
AVGO.OQ,0.5838723061304072,1.391698406548768,gpu_accelerator,True,OK,17.0,2022-05-04
TER.OQ,0.5828092711397083,1.7882924466491352,robotics_autonomy,True,OK,18.0,2022-05-04
ZBRA.OQ,0.5806557700618792,1.4660177224329938,robotics_autonomy,True,OK,19.0,2022-05-04
GOOG.OQ,0.5758114079458934,1.3279224027032877,cloud_software,True,OK,20.0,2022-05-04
MSFT.OQ,0.5700072358142672,1.30118907083602,cloud_software,True,OK,21.0,2022-05-04
IRM.N,0.5684616106520644,0.7911277279355905,data_center_power_cooling,True,OK,22.0,2022-05-04
ETN.N,0.5679541082332366,0.9487194937064318,data_center_power_cooling,True,OK,23.0,2022-05-04
ISRG.OQ,0.5653487975605894,1.5901690401138726,robotics_autonomy,True,OK,24.0,2022-05-04
TRMB.OQ,0.561128859404082,1.452587639928428,robotics_autonomy,True,OK,25.0,2022-05-04
JCI.N,0.55601330410125,1.048323284564416,data_center_power_cooling,True,OK,26.0,2022-05-04
HPE.N,0.5554256318545676,0.8716581222213612,server_network,True,OK,27.0,2022-05-04
HON.OQ,0.553653746319403,0.778779280219484,robotics_autonomy,True,OK,28.0,2022-05-04
CDNS.OQ,0.5497990550032118,1.633484812233006,cloud_software,True,OK,29.0,2022-05-04
ADI.OQ,0.5274352829298493,1.434979802864275,ai_semiconductor,True,OK,30.0,2022-05-04
DELL.N,0.5171840274930577,0.8649459764395704,server_network,True,OK,31.0,2022-05-04
NOW.N,0.5168974140890643,2.02653612915701,cloud_software,True,OK,32.0,2022-05-04
QCOM.OQ,0.5112853415901151,1.8756356443090367,ai_semiconductor,True,OK,33.0,2022-05-04
SNPS.OQ,0.509568146880635,1.7584048208712606,cloud_software,True,OK,34.0,2022-05-04
MU.OQ,0.5072828674745737,1.6987930897581764,memory_hbm_storage,True,OK,35.0,2022-05-04
NXPI.OQ,0.5057465903091679,1.6498148692970107,ai_semiconductor,True,OK,36.0,2022-05-04
EQIX.OQ,0.5039729232319121,0.8610925853346547,data_center_power_cooling,True,OK,37.0,2022-05-04
STX.OQ,0.49092982335301966,1.0787631863520268,memory_hbm_storage,True,OK,38.0,2022-05-04
APTV.N,0.48981251705145296,1.4645436684492998,robotics_autonomy,True,OK,39.0,2022-05-04
AMD.OQ,0.48297192335586325,2.3025278772039104,gpu_accelerator,True,OK,40.0,2022-05-04
META.OQ,0.41879610927315714,1.9916784459219727,cloud_software,True,OK,41.0,2022-05-04
MPWR.OQ,0.21501636618683423,2.0724512563092405,ai_semiconductor,True,OK,42.0,2022-05-04
WDC.OQ,0.16426340281299376,1.2292812537286968,memory_hbm_storage,True,OK,43.0,2022-05-04
CIEN.N,,,server_network,False,NO_ACTIVE_MEMBERSHIP_ROW,,2022-05-04
MRVL.OQ,,,gpu_accelerator,False,NO_ACTIVE_MEMBERSHIP_ROW,,2022-05-04
ON.OQ,,,ai_semiconductor,False,NO_ACTIVE_MEMBERSHIP_ROW,,2022-05-04
PLTR.OQ,,,cloud_software,False,NO_ACTIVE_MEMBERSHIP_ROW,,2022-05-04
SNDK.OQ,,,memory_hbm_storage,False,NO_ACTIVE_MEMBERSHIP_ROW,,2022-05-04
VRT.N,,,data_center_power_cooling,False,NO_ACTIVE_MEMBERSHIP_ROW,,2022-05-04
HPE.N,0.7323075880266167,0.8950218019645845,server_network,True,OK,1.0,2022-06-03
IBM.N,0.63653776476493,0.4557427439642678,cloud_software,True,OK,2.0,2022-06-03
MSFT.OQ,0.6353489499324144,1.2483373291385913,cloud_software,True,OK,3.0,2022-06-03
DLR.N,0.63517311514281,0.6946221632722938,data_center_power_cooling,True,OK,4.0,2022-06-03
TXN.OQ,0.6262169557669957,1.0411024824866042,ai_semiconductor,True,OK,5.0,2022-06-03
ORCL.N,0.6225775793981372,1.0368707163454025,cloud_software,True,OK,6.0,2022-06-03
AVGO.OQ,0.6203625441727434,1.3549620170648695,gpu_accelerator,True,OK,7.0,2022-06-03
IRM.N,0.61512827655634,0.8147639177182645,data_center_power_cooling,True,OK,8.0,2022-06-03
WDC.OQ,0.6144230890865628,1.2264592326588548,memory_hbm_storage,True,OK,9.0,2022-06-03
HON.OQ,0.6053230455725266,0.7765636725308126,robotics_autonomy,True,OK,10.0,2022-06-03
NXPI.OQ,0.6028754019840399,1.5675033866517012,ai_semiconductor,True,OK,11.0,2022-06-03
ADI.OQ,0.5966544317999959,1.305982611970148,ai_semiconductor,True,OK,12.0,2022-06-03
INTC.OQ,0.5958600739385956,1.1191138557229563,gpu_accelerator,True,OK,13.0,2022-06-03
JNPR.N^G25,0.5905477845804196,1.041903456159028,server_network,True,OK,14.0,2022-06-03
STX.OQ,0.5903058506063363,1.1237464972896276,memory_hbm_storage,True,OK,15.0,2022-06-03
NTAP.OQ,0.5882475367392748,1.0033976519276144,memory_hbm_storage,True,OK,16.0,2022-06-03
CSCO.OQ,0.5827790514310747,0.8874511717904758,server_network,True,OK,17.0,2022-06-03
ETN.N,0.5754067399219044,0.8613966267913344,data_center_power_cooling,True,OK,18.0,2022-06-03
AMT.N,0.5648596974798703,0.6615670002993146,data_center_power_cooling,True,OK,19.0,2022-06-03
CARR.N,0.5503113517312443,1.012233188353311,data_center_power_cooling,True,OK,20.0,2022-06-03
EQIX.OQ,0.5476850091118941,0.8933902208010672,data_center_power_cooling,True,OK,21.0,2022-06-03
TT.N,0.5405782221967189,0.9107630790958908,data_center_power_cooling,True,OK,22.0,2022-06-03
JCI.N,0.5339644988923201,0.8580537834542173,data_center_power_cooling,True,OK,23.0,2022-06-03
ANET.N,0.5217946932954399,1.5749132609184338,server_network,True,OK,24.0,2022-06-03
MU.OQ,0.5096322704483464,1.6173831054850922,memory_hbm_storage,True,OK,25.0,2022-06-03
META.OQ,0.5074816896562784,1.878050371009561,cloud_software,True,OK,26.0,2022-06-03
TER.OQ,0.5067307360482499,1.752027304330061,robotics_autonomy,True,OK,27.0,2022-06-03
GOOG.OQ,0.5020852978759363,1.2656896190554665,cloud_software,True,OK,28.0,2022-06-03
TRMB.OQ,0.48992126957879534,1.464340621203838,robotics_autonomy,True,OK,29.0,2022-06-03
ISRG.OQ,0.4723655607638609,1.5499390533910438,robotics_autonomy,True,OK,30.0,2022-06-03
ROK.N,0.460784231677972,0.9542451148091236,robotics_autonomy,True,OK,31.0,2022-06-03
QCOM.OQ,0.4531922985271537,1.7021917567474556,ai_semiconductor,True,OK,32.0,2022-06-03
DELL.N,0.4437944950547834,1.0465338252980096,server_network,True,OK,33.0,2022-06-03
CDNS.OQ,0.4398893555452445,1.5836284695446785,cloud_software,True,OK,34.0,2022-06-03
ZBRA.OQ,0.43865086853637153,1.4538344569657504,robotics_autonomy,True,OK,35.0,2022-06-03
AMZN.OQ,0.43031155798982956,1.635315935912037,cloud_software,True,OK,36.0,2022-06-03
SNPS.OQ,0.4230710249020896,1.6300136566894254,cloud_software,True,OK,37.0,2022-06-03
TSLA.OQ,0.41894263743289806,2.075259537597951,robotics_autonomy,True,OK,38.0,2022-06-03
APTV.N,0.4099025653836523,1.5534423127789636,robotics_autonomy,True,OK,39.0,2022-06-03
NOW.N,0.3984084577246648,1.8805983370111168,cloud_software,True,OK,40.0,2022-06-03
NVDA.OQ,0.3774767055414303,2.482317462170636,gpu_accelerator,True,OK,41.0,2022-06-03
AMD.OQ,0.3629967779891721,2.289946040441088,gpu_accelerator,True,OK,42.0,2022-06-03
MPWR.OQ,0.3315583332051863,2.1828811592464734,ai_semiconductor,True,OK,43.0,2022-06-03
CIEN.N,,,server_network,False,NO_ACTIVE_MEMBERSHIP_ROW,,2022-06-03
MRVL.OQ,,,gpu_accelerator,False,NO_ACTIVE_MEMBERSHIP_ROW,,2022-06-03
ON.OQ,,,ai_semiconductor,False,NO_ACTIVE_MEMBERSHIP_ROW,,2022-06-03
PLTR.OQ,,,cloud_software,False,NO_ACTIVE_MEMBERSHIP_ROW,,2022-06-03
SNDK.OQ,,,memory_hbm_storage,False,NO_ACTIVE_MEMBERSHIP_ROW,,2022-06-03
VRT.N,,,data_center_power_cooling,False,NO_ACTIVE_MEMBERSHIP_ROW,,2022-06-03
IBM.N,0.7882039295410134,0.4804587577779711,cloud_software,True,OK,1.0,2022-07-06
ON.OQ,0.7835615807329176,1.9122809716559868,ai_semiconductor,True,OK,2.0,2022-07-06
HPE.N,0.7738675789881799,0.9011474477698388,server_network,True,OK,3.0,2022-07-06
NXPI.OQ,0.7645706143726886,1.4400414334182643,ai_semiconductor,True,OK,4.0,2022-07-06
HON.OQ,0.7590160793248455,0.7386897134054198,robotics_autonomy,True,OK,5.0,2022-07-06
DELL.N,0.7587113181792998,1.000422051896261,server_network,True,OK,6.0,2022-07-06
WDC.OQ,0.7542878990756154,1.2394879088159685,memory_hbm_storage,True,OK,7.0,2022-07-06
TER.OQ,0.7520852011524204,1.69376911142057,robotics_autonomy,True,OK,8.0,2022-07-06
AVGO.OQ,0.7512748877494047,1.2790130018493109,gpu_accelerator,True,OK,9.0,2022-07-06
DLR.N,0.7496658627626079,0.716604000207425,data_center_power_cooling,True,OK,10.0,2022-07-06
ADI.OQ,0.749295488226759,1.269786896010109,ai_semiconductor,True,OK,11.0,2022-07-06
INTC.OQ,0.7451530450252424,1.0760825582298832,gpu_accelerator,True,OK,12.0,2022-07-06
TXN.OQ,0.7437544406799146,0.9797148563517444,ai_semiconductor,True,OK,13.0,2022-07-06
AMD.OQ,0.741802572975746,2.1590430121183406,gpu_accelerator,True,OK,14.0,2022-07-06
CSCO.OQ,0.7372218007172214,0.7904015731621922,server_network,True,OK,15.0,2022-07-06
ETN.N,0.7354728044546196,0.8528519267351643,data_center_power_cooling,True,OK,16.0,2022-07-06
JNPR.N^G25,0.7283649744563332,0.9907350011908114,server_network,True,OK,17.0,2022-07-06
APTV.N,0.7256938837383605,1.588112053779234,robotics_autonomy,True,OK,18.0,2022-07-06
IRM.N,0.720183792398923,0.862400397044736,data_center_power_cooling,True,OK,19.0,2022-07-06
NVDA.OQ,0.7160560496507768,2.308456290704943,gpu_accelerator,True,OK,20.0,2022-07-06
AMT.N,0.713714990610176,0.7220447167269681,data_center_power_cooling,True,OK,21.0,2022-07-06
JCI.N,0.702903974111046,0.8653355688373217,data_center_power_cooling,True,OK,22.0,2022-07-06
SNPS.OQ,0.6965641813613367,1.499193096676528,cloud_software,True,OK,23.0,2022-07-06
CARR.N,0.6942367926675874,1.0145176189188343,data_center_power_cooling,True,OK,24.0,2022-07-06
QCOM.OQ,0.687984329889684,1.568247567911618,ai_semiconductor,True,OK,25.0,2022-07-06
NTAP.OQ,0.6868415611644408,0.9708117586242831,memory_hbm_storage,True,OK,26.0,2022-07-06
MSFT.OQ,0.6831383557003,1.2222205806176565,cloud_software,True,OK,27.0,2022-07-06
TRMB.OQ,0.6831183487059047,1.4054255520018388,robotics_autonomy,True,OK,28.0,2022-07-06
MPWR.OQ,0.6818947187562154,2.1659957283233275,ai_semiconductor,True,OK,29.0,2022-07-06
TT.N,0.6817264816935144,0.9045418496419936,data_center_power_cooling,True,OK,30.0,2022-07-06
EQIX.OQ,0.6751210419953343,0.9633437156930924,data_center_power_cooling,True,OK,31.0,2022-07-06
CDNS.OQ,0.6729512251599368,1.510213519456097,cloud_software,True,OK,32.0,2022-07-06
STX.OQ,0.6642362191875569,1.1014302608491224,memory_hbm_storage,True,OK,33.0,2022-07-06
ROK.N,0.646531980110766,0.8888926623041571,robotics_autonomy,True,OK,34.0,2022-07-06
ORCL.N,0.6385488716262819,0.9557573446070644,cloud_software,True,OK,35.0,2022-07-06
ANET.N,0.6349805989604144,1.4957533361361697,server_network,True,OK,36.0,2022-07-06
MU.OQ,0.6344421686281438,1.5788002956970455,memory_hbm_storage,True,OK,37.0,2022-07-06
ZBRA.OQ,0.6331800488944185,1.3960790831414929,robotics_autonomy,True,OK,38.0,2022-07-06
TSLA.OQ,0.6265289981043294,2.041104856800395,robotics_autonomy,True,OK,39.0,2022-07-06
NOW.N,0.626411785081184,1.827039027638249,cloud_software,True,OK,40.0,2022-07-06
ISRG.OQ,0.6259274068627926,1.4555084870194153,robotics_autonomy,True,OK,41.0,2022-07-06
GOOG.OQ,0.6228792351637558,1.2814239584649765,cloud_software,True,OK,42.0,2022-07-06
AMZN.OQ,0.6054978796192422,1.685314277509142,cloud_software,True,OK,43.0,2022-07-06
META.OQ,0.5931461027665239,1.857499851742332,cloud_software,True,OK,44.0,2022-07-06
CIEN.N,,,server_network,False,NO_ACTIVE_MEMBERSHIP_ROW,,2022-07-06
MRVL.OQ,,,gpu_accelerator,False,NO_ACTIVE_MEMBERSHIP_ROW,,2022-07-06
PLTR.OQ,,,cloud_software,False,NO_ACTIVE_MEMBERSHIP_ROW,,2022-07-06
SNDK.OQ,,,memory_hbm_storage,False,NO_ACTIVE_MEMBERSHIP_ROW,,2022-07-06
VRT.N,,,data_center_power_cooling,False,NO_ACTIVE_MEMBERSHIP_ROW,,2022-07-06
INTC.OQ,0.42631675847288647,1.07554544635358,gpu_accelerator,True,OK,1.0,2022-08-04
CDNS.OQ,0.38105482965755505,1.4370990559568004,cloud_software,True,OK,2.0,2022-08-04
QCOM.OQ,0.3780028749630118,1.487711473809093,ai_semiconductor,True,OK,3.0,2022-08-04
IBM.N,0.3706540982941608,0.4419334989284723,cloud_software,True,OK,4.0,2022-08-04
IRM.N,0.3561086331741824,0.8150717537809735,data_center_power_cooling,True,OK,5.0,2022-08-04
ORCL.N,0.353484340873677,0.9742581559978356,cloud_software,True,OK,6.0,2022-08-04
CARR.N,0.35247210354542297,1.037620776728976,data_center_power_cooling,True,OK,7.0,2022-08-04
JCI.N,0.34880243037794384,0.9041435056983232,data_center_power_cooling,True,OK,8.0,2022-08-04
SNPS.OQ,0.34817142075096563,1.4535491312425062,cloud_software,True,OK,9.0,2022-08-04
DELL.N,0.3432122695402964,1.0081926240900765,server_network,True,OK,10.0,2022-08-04
DLR.N,0.3412767889455887,0.7132091771010395,data_center_power_cooling,True,OK,11.0,2022-08-04
CSCO.OQ,0.33548578902418397,0.8040987763966067,server_network,True,OK,12.0,2022-08-04
HPE.N,0.33214729647035446,0.924022593039724,server_network,True,OK,13.0,2022-08-04
JNPR.N^G25,0.32900878341136885,0.9348115419209636,server_network,True,OK,14.0,2022-08-04
HON.OQ,0.32540836675907864,0.7801062400599541,robotics_autonomy,True,OK,15.0,2022-08-04
GOOG.OQ,0.3223437016871044,1.3326970236408828,cloud_software,True,OK,16.0,2022-08-04
NTAP.OQ,0.32122119928595105,0.9546283240267048,memory_hbm_storage,True,OK,17.0,2022-08-04
AMT.N,0.32109610718787507,0.6669403595472376,data_center_power_cooling,True,OK,18.0,2022-08-04
AVGO.OQ,0.3123697482556062,1.232172886772358,gpu_accelerator,True,OK,19.0,2022-08-04
NVDA.OQ,0.30707753109347535,2.2549041219134254,gpu_accelerator,True,OK,20.0,2022-08-04
AMD.OQ,0.30601895522761013,2.078165970517929,gpu_accelerator,True,OK,21.0,2022-08-04
STX.OQ,0.3049521741346276,1.1381715181520151,memory_hbm_storage,True,OK,22.0,2022-08-04
ADI.OQ,0.30291025849316644,1.271531727939112,ai_semiconductor,True,OK,23.0,2022-08-04
MU.OQ,0.301652199272583,1.5493035398248882,memory_hbm_storage,True,OK,24.0,2022-08-04
MSFT.OQ,0.30097038738945303,1.2569631023539505,cloud_software,True,OK,25.0,2022-08-04
WDC.OQ,0.296904257706227,1.2975150079354272,memory_hbm_storage,True,OK,26.0,2022-08-04
ROK.N,0.29567314078016615,1.031627487648318,robotics_autonomy,True,OK,27.0,2022-08-04
TRMB.OQ,0.29282196649312714,1.39204346003959,robotics_autonomy,True,OK,28.0,2022-08-04
ETN.N,0.29130343148992094,0.9035355078894576,data_center_power_cooling,True,OK,29.0,2022-08-04
META.OQ,0.2902387630737699,1.8741412758816087,cloud_software,True,OK,30.0,2022-08-04
ZBRA.OQ,0.28773752553224724,1.428336785015418,robotics_autonomy,True,OK,31.0,2022-08-04
NXPI.OQ,0.27938539881271895,1.404415570307396,ai_semiconductor,True,OK,32.0,2022-08-04
ISRG.OQ,0.2764535675585139,1.408682958723802,robotics_autonomy,True,OK,33.0,2022-08-04
TT.N,0.27263187141857764,0.9698985134589372,data_center_power_cooling,True,OK,34.0,2022-08-04
TXN.OQ,0.27082215761379486,1.0374390145454977,ai_semiconductor,True,OK,35.0,2022-08-04
TER.OQ,0.2671824642038465,1.6166735656041729,robotics_autonomy,True,OK,36.0,2022-08-04
NOW.N,0.26037055659355807,1.796661442646883,cloud_software,True,OK,37.0,2022-08-04
EQIX.OQ,0.24850496048507442,0.9653574241559728,data_center_power_cooling,True,OK,38.0,2022-08-04
APTV.N,0.24250444806049912,1.6867986600451574,robotics_autonomy,True,OK,39.0,2022-08-04
ANET.N,0.23426509914525417,1.5391942118348505,server_network,True,OK,40.0,2022-08-04
AMZN.OQ,0.23034835748321905,1.7252733546039698,cloud_software,True,OK,41.0,2022-08-04
TSLA.OQ,0.22181769293389297,1.9689780901744367,robotics_autonomy,True,OK,42.0,2022-08-04
ON.OQ,0.20846996595337156,1.9394366614664005,ai_semiconductor,True,OK,43.0,2022-08-04
MPWR.OQ,0.14981555525213835,2.1044377920900112,ai_semiconductor,True,OK,44.0,2022-08-04
CIEN.N,,,server_network,False,NO_ACTIVE_MEMBERSHIP_ROW,,2022-08-04
MRVL.OQ,,,gpu_accelerator,False,NO_ACTIVE_MEMBERSHIP_ROW,,2022-08-04
PLTR.OQ,,,cloud_software,False,NO_ACTIVE_MEMBERSHIP_ROW,,2022-08-04
SNDK.OQ,,,memory_hbm_storage,False,NO_ACTIVE_MEMBERSHIP_ROW,,2022-08-04
VRT.N,,,data_center_power_cooling,False,NO_ACTIVE_MEMBERSHIP_ROW,,2022-08-04
NVDA.OQ,0.8132875335926754,2.235900205002292,gpu_accelerator,True,OK,1.0,2022-09-02
MPWR.OQ,0.7272625122724815,2.085971181894384,ai_semiconductor,True,OK,2.0,2022-09-02
AMD.OQ,0.6946665323913391,1.9847832134138963,gpu_accelerator,True,OK,3.0,2022-09-02
SNPS.OQ,0.6923710027051304,1.3289881253131774,cloud_software,True,OK,4.0,2022-09-02
ANET.N,0.6652397177261351,1.4575288309829346,server_network,True,OK,5.0,2022-09-02
CDNS.OQ,0.6564631566379574,1.353125511940474,cloud_software,True,OK,6.0,2022-09-02
DELL.N,0.6536513471353819,1.2282087925382017,server_network,True,OK,7.0,2022-09-02
AVGO.OQ,0.6517865211694875,1.2404928291679276,gpu_accelerator,True,OK,8.0,2022-09-02
QCOM.OQ,0.6500508669354244,1.417991287754678,ai_semiconductor,True,OK,9.0,2022-09-02
HPE.N,0.6317911680572864,0.9783375834265146,server_network,True,OK,10.0,2022-09-02
TSLA.OQ,0.6251835833569331,1.934784931873918,robotics_autonomy,True,OK,11.0,2022-09-02
STX.OQ,0.6247872217770701,1.2269430383297777,memory_hbm_storage,True,OK,12.0,2022-09-02
TER.OQ,0.612731613291037,1.6608065609218488,robotics_autonomy,True,OK,13.0,2022-09-02
ADI.OQ,0.6093748790367058,1.2328245942823637,ai_semiconductor,True,OK,14.0,2022-09-02
MSFT.OQ,0.6015177801705676,1.2276410156321151,cloud_software,True,OK,15.0,2022-09-02
ISRG.OQ,0.6008933326063093,1.4457042420668826,robotics_autonomy,True,OK,16.0,2022-09-02
AMZN.OQ,0.6000013448709196,1.7291157697841115,cloud_software,True,OK,17.0,2022-09-02
ON.OQ,0.5974450388959959,1.8959983418684812,ai_semiconductor,True,OK,18.0,2022-09-02
INTC.OQ,0.5936192897995107,1.0848826128959173,gpu_accelerator,True,OK,19.0,2022-09-02
CSCO.OQ,0.590462556171299,0.8163569272457034,server_network,True,OK,20.0,2022-09-02
WDC.OQ,0.5902610590430102,1.343363824353402,memory_hbm_storage,True,OK,21.0,2022-09-02
TRMB.OQ,0.5845953733328014,1.4065502994407535,robotics_autonomy,True,OK,22.0,2022-09-02
JNPR.N^G25,0.5740791001279798,0.9758469495683174,server_network,True,OK,23.0,2022-09-02
TXN.OQ,0.570791141164859,1.0308743728298186,ai_semiconductor,True,OK,24.0,2022-09-02
DLR.N,0.5672449857452876,0.7306485140510738,data_center_power_cooling,True,OK,25.0,2022-09-02
NOW.N,0.5623529991222427,1.764519140819506,cloud_software,True,OK,26.0,2022-09-02
NXPI.OQ,0.5506893907498608,1.3515315014061469,ai_semiconductor,True,OK,27.0,2022-09-02
NTAP.OQ,0.5505443725156484,1.0250778936428324,memory_hbm_storage,True,OK,28.0,2022-09-02
GOOG.OQ,0.5435448170245425,1.3504721043602037,cloud_software,True,OK,29.0,2022-09-02
CARR.N,0.5418531581844057,1.0391526762470746,data_center_power_cooling,True,OK,30.0,2022-09-02
EQIX.OQ,0.5362452386971877,1.0135245468557337,data_center_power_cooling,True,OK,31.0,2022-09-02
MU.OQ,0.5352904152339719,1.578743014310173,memory_hbm_storage,True,OK,32.0,2022-09-02
HON.OQ,0.5328672021612375,0.7042549892294401,robotics_autonomy,True,OK,33.0,2022-09-02
IBM.N,0.5324504495172044,0.4505220421433191,cloud_software,True,OK,34.0,2022-09-02
ETN.N,0.5269072124242997,0.8868459180879107,data_center_power_cooling,True,OK,35.0,2022-09-02
ORCL.N,0.525648980232727,0.9341137523691556,cloud_software,True,OK,36.0,2022-09-02
AMT.N,0.5194013178303951,0.6886931579285374,data_center_power_cooling,True,OK,37.0,2022-09-02
TT.N,0.5089288884969821,0.9974572265549164,data_center_power_cooling,True,OK,38.0,2022-09-02
ROK.N,0.5007647375506532,1.033404293117536,robotics_autonomy,True,OK,39.0,2022-09-02
APTV.N,0.5006031350451304,1.6998983782192936,robotics_autonomy,True,OK,40.0,2022-09-02
JCI.N,0.4944959868175293,0.9050509468266664,data_center_power_cooling,True,OK,41.0,2022-09-02
META.OQ,0.48553127444903077,1.7211537456039925,cloud_software,True,OK,42.0,2022-09-02
ZBRA.OQ,0.44188329059503945,1.460971366611597,robotics_autonomy,True,OK,43.0,2022-09-02
IRM.N,0.484156044279227,0.7572622519453415,data_center_power_cooling,False,LIQUIDITY_GATE,,2022-09-02
CIEN.N,,,server_network,False,NO_ACTIVE_MEMBERSHIP_ROW,,2022-09-02
MRVL.OQ,,,gpu_accelerator,False,NO_ACTIVE_MEMBERSHIP_ROW,,2022-09-02
PLTR.OQ,,,cloud_software,False,NO_ACTIVE_MEMBERSHIP_ROW,,2022-09-02
SNDK.OQ,,,memory_hbm_storage,False,NO_ACTIVE_MEMBERSHIP_ROW,,2022-09-02
VRT.N,,,data_center_power_cooling,False,NO_ACTIVE_MEMBERSHIP_ROW,,2022-09-02
TSLA.OQ,0.914814083261612,1.7449862784855468,robotics_autonomy,True,OK,1.0,2022-10-04
ORCL.N,0.765378744162613,0.9002743370669821,cloud_software,True,OK,2.0,2022-10-04
AVGO.OQ,0.7646182416682664,1.1934709553951073,gpu_accelerator,True,OK,3.0,2022-10-04
AMT.N,0.7593150239436535,0.7295521828032123,data_center_power_cooling,True,OK,4.0,2022-10-04
AMZN.OQ,0.759051408795368,1.722583348772012,cloud_software,True,OK,5.0,2022-10-04
CSCO.OQ,0.7586863037640906,0.8719361607767168,server_network,True,OK,6.0,2022-10-04
IBM.N,0.7542680064784936,0.4991517451354822,cloud_software,True,OK,7.0,2022-10-04
DLR.N,0.7477228604780607,0.7744800652949734,data_center_power_cooling,True,OK,8.0,2022-10-04
QCOM.OQ,0.7397332970894683,1.3286165543609012,ai_semiconductor,True,OK,9.0,2022-10-04
JNPR.N^G25,0.7357666413506853,0.9623840883624382,server_network,True,OK,10.0,2022-10-04
TXN.OQ,0.7349026784783504,1.0032539444369517,ai_semiconductor,True,OK,11.0,2022-10-04
NVDA.OQ,0.7346659366638676,2.0466268537784837,gpu_accelerator,True,OK,12.0,2022-10-04
META.OQ,0.7343758209855336,1.6812637808330806,cloud_software,True,OK,13.0,2022-10-04
HPE.N,0.73101036264065,0.9950812690917608,server_network,True,OK,14.0,2022-10-04
MSFT.OQ,0.7287069408958498,1.1817957476887635,cloud_software,True,OK,15.0,2022-10-04
EQIX.OQ,0.7271049144009057,0.9791132840496172,data_center_power_cooling,True,OK,16.0,2022-10-04
ANET.N,0.7251349543374183,1.3733950036802318,server_network,True,OK,17.0,2022-10-04
NXPI.OQ,0.7241123520486616,1.3391721478119936,ai_semiconductor,True,OK,18.0,2022-10-04
ON.OQ,0.7197677505876414,1.777060557348737,ai_semiconductor,True,OK,19.0,2022-10-04
AMD.OQ,0.71951456035988,1.9325314474909805,gpu_accelerator,True,OK,20.0,2022-10-04
ETN.N,0.7194487801877493,0.890711564390804,data_center_power_cooling,True,OK,21.0,2022-10-04
GOOG.OQ,0.7180205889772987,1.31696222519279,cloud_software,True,OK,22.0,2022-10-04
NTAP.OQ,0.7158971823610283,1.0086357163810395,memory_hbm_storage,True,OK,23.0,2022-10-04
HON.OQ,0.7124604139761682,0.7430411471917899,robotics_autonomy,True,OK,24.0,2022-10-04
STX.OQ,0.7055075770007803,1.2101310726537358,memory_hbm_storage,True,OK,25.0,2022-10-04
MU.OQ,0.7027047961253406,1.3944513295147094,memory_hbm_storage,True,OK,26.0,2022-10-04
CARR.N,0.7014818913957614,1.0065077356333203,data_center_power_cooling,True,OK,27.0,2022-10-04
ISRG.OQ,0.7011546617690867,1.3901982702008824,robotics_autonomy,True,OK,28.0,2022-10-04
SNPS.OQ,0.7009581100503477,1.2251016411249318,cloud_software,True,OK,29.0,2022-10-04
MPWR.OQ,0.7000788170087368,1.902722738982852,ai_semiconductor,True,OK,30.0,2022-10-04
CDNS.OQ,0.6995828075238645,1.276901397146058,cloud_software,True,OK,31.0,2022-10-04
JCI.N,0.6979149758747232,0.9152784247382396,data_center_power_cooling,True,OK,32.0,2022-10-04
TRMB.OQ,0.6926451090696409,1.358078866797485,robotics_autonomy,True,OK,33.0,2022-10-04
TT.N,0.6914843159255105,0.9724016954455972,data_center_power_cooling,True,OK,34.0,2022-10-04
INTC.OQ,0.6900015266083521,1.1303299485380809,gpu_accelerator,True,OK,35.0,2022-10-04
ADI.OQ,0.6839411809771999,1.145050193505345,ai_semiconductor,True,OK,36.0,2022-10-04
IRM.N,0.6732290044857415,0.8882860619880278,data_center_power_cooling,True,OK,37.0,2022-10-04
TER.OQ,0.6679771032666616,1.5293063097434625,robotics_autonomy,True,OK,38.0,2022-10-04
ROK.N,0.6640631114728321,1.1216989711167744,robotics_autonomy,True,OK,39.0,2022-10-04
NOW.N,0.6620461552758878,1.6253313556107716,cloud_software,True,OK,40.0,2022-10-04
DELL.N,0.6615575706790626,1.23015119320232,server_network,True,OK,41.0,2022-10-04
WDC.OQ,0.6566362102726495,1.2839315091715258,memory_hbm_storage,True,OK,42.0,2022-10-04
ZBRA.OQ,0.6421824374380675,1.4220137208549772,robotics_autonomy,True,OK,43.0,2022-10-04
APTV.N,0.6346013489400759,1.6672197160681783,robotics_autonomy,True,OK,44.0,2022-10-04
CIEN.N,,,server_network,False,NO_ACTIVE_MEMBERSHIP_ROW,,2022-10-04
MRVL.OQ,,,gpu_accelerator,False,NO_ACTIVE_MEMBERSHIP_ROW,,2022-10-04
PLTR.OQ,,,cloud_software,False,NO_ACTIVE_MEMBERSHIP_ROW,,2022-10-04
SNDK.OQ,,,memory_hbm_storage,False,NO_ACTIVE_MEMBERSHIP_ROW,,2022-10-04
VRT.N,,,data_center_power_cooling,False,NO_ACTIVE_MEMBERSHIP_ROW,,2022-10-04
ZBRA.OQ,0.8943456387144653,1.4664986866424805,robotics_autonomy,True,OK,1.0,2022-11-02
AMZN.OQ,0.8924827478202194,1.520231507989508,cloud_software,True,OK,2.0,2022-11-02
GOOG.OQ,0.8551498115555397,1.2811957012563562,cloud_software,True,OK,3.0,2022-11-02
META.OQ,0.8076816695183089,1.55452791297531,cloud_software,True,OK,4.0,2022-11-02
MSFT.OQ,0.8036120227206808,1.2040338809140678,cloud_software,True,OK,5.0,2022-11-02
DLR.N,0.7861936539550709,0.8498601407075971,data_center_power_cooling,True,OK,6.0,2022-11-02
CSCO.OQ,0.76495092623115,0.8854463071716202,server_network,True,OK,7.0,2022-11-02
ON.OQ,0.760343571651266,1.789889069182289,ai_semiconductor,True,OK,8.0,2022-11-02
CDNS.OQ,0.7461356559266229,1.207443566699642,cloud_software,True,OK,9.0,2022-11-02
IBM.N,0.7368849485042075,0.5546277094734978,cloud_software,True,OK,10.0,2022-11-02
QCOM.OQ,0.7359486662471774,1.237599547939863,ai_semiconductor,True,OK,11.0,2022-11-02
AVGO.OQ,0.734648689953748,1.1989686195530072,gpu_accelerator,True,OK,12.0,2022-11-02
EQIX.OQ,0.7330631280693353,0.9885886690854888,data_center_power_cooling,True,OK,13.0,2022-11-02
AMD.OQ,0.7327261763334292,1.91594128797898,gpu_accelerator,True,OK,14.0,2022-11-02
ORCL.N,0.7311454976186633,0.9039629664603888,cloud_software,True,OK,15.0,2022-11-02
JCI.N,0.7305468976168604,0.9823355239115146,data_center_power_cooling,True,OK,16.0,2022-11-02
TSLA.OQ,0.7298630232776004,1.7730891265333195,robotics_autonomy,True,OK,17.0,2022-11-02
MU.OQ,0.729191267416749,1.3535031956300363,memory_hbm_storage,True,OK,18.0,2022-11-02
SNPS.OQ,0.7259155765270047,1.1582026797651497,cloud_software,True,OK,19.0,2022-11-02
HPE.N,0.7247861431623942,1.0321379997979874,server_network,True,OK,20.0,2022-11-02
STX.OQ,0.7177686902552911,1.2766531499286662,memory_hbm_storage,True,OK,21.0,2022-11-02
NVDA.OQ,0.7138872927811957,1.9949600041305933,gpu_accelerator,True,OK,22.0,2022-11-02
TXN.OQ,0.7085054154753443,1.0237133954976878,ai_semiconductor,True,OK,23.0,2022-11-02
APTV.N,0.7076176689092418,1.7097098583262664,robotics_autonomy,True,OK,24.0,2022-11-02
IRM.N,0.7062094945821613,0.9495582498339772,data_center_power_cooling,True,OK,25.0,2022-11-02
ETN.N,0.706000828845424,0.9518310886335012,data_center_power_cooling,True,OK,26.0,2022-11-02
INTC.OQ,0.7046363320864281,1.157008694606883,gpu_accelerator,True,OK,27.0,2022-11-02
ADI.OQ,0.6993903994127652,1.1304851872011543,ai_semiconductor,True,OK,28.0,2022-11-02
JNPR.N^G25,0.6991022975864714,0.9645697308050422,server_network,True,OK,29.0,2022-11-02
TT.N,0.6986679145102449,1.027931166778575,data_center_power_cooling,True,OK,30.0,2022-11-02
TRMB.OQ,0.6899325462023629,1.4040811043019203,robotics_autonomy,True,OK,31.0,2022-11-02
HON.OQ,0.6877805947733268,0.8304062866965676,robotics_autonomy,True,OK,32.0,2022-11-02
CARR.N,0.6870487486273957,1.0900648557930963,data_center_power_cooling,True,OK,33.0,2022-11-02
ISRG.OQ,0.6698872184626158,1.2896586002671009,robotics_autonomy,True,OK,34.0,2022-11-02
ROK.N,0.6668880433573927,1.1611806762987384,robotics_autonomy,True,OK,35.0,2022-11-02
NTAP.OQ,0.6634603872119201,1.038583852983368,memory_hbm_storage,True,OK,36.0,2022-11-02
AMT.N,0.6564339070401938,0.8267036706816641,data_center_power_cooling,True,OK,37.0,2022-11-02
NOW.N,0.655472272568291,1.4697129184000248,cloud_software,True,OK,38.0,2022-11-02
DELL.N,0.6489273537917198,1.309711097164855,server_network,True,OK,39.0,2022-11-02
TER.OQ,0.6475425035122966,1.4991749728498094,robotics_autonomy,True,OK,40.0,2022-11-02
WDC.OQ,0.6430243457607139,1.3343339516669492,memory_hbm_storage,True,OK,41.0,2022-11-02
NXPI.OQ,0.6208793022625502,1.3681736042333958,ai_semiconductor,True,OK,42.0,2022-11-02
MPWR.OQ,0.5938230982769898,1.8454103566357976,ai_semiconductor,True,OK,43.0,2022-11-02
ANET.N,0.5526443926906187,1.308968783130647,server_network,True,OK,44.0,2022-11-02
CIEN.N,,,server_network,False,NO_ACTIVE_MEMBERSHIP_ROW,,2022-11-02
MRVL.OQ,,,gpu_accelerator,False,NO_ACTIVE_MEMBERSHIP_ROW,,2022-11-02
PLTR.OQ,,,cloud_software,False,NO_ACTIVE_MEMBERSHIP_ROW,,2022-11-02
SNDK.OQ,,,memory_hbm_storage,False,NO_ACTIVE_MEMBERSHIP_ROW,,2022-11-02
VRT.N,,,data_center_power_cooling,False,NO_ACTIVE_MEMBERSHIP_ROW,,2022-11-02
