formation_session,Instrument,old_weight,new_weight,delta_weight,quoted_spread_bps,spread_cost,turnover_contribution,reason_code
2021-01-04,SPY.P,0.0,-0.5711042573935333,-0.5711042573935333,0.8133277304097696,2.3224746474661967e-05,0.28555212869676666,SCHEDULED_REBALANCE
2021-01-04,NVDA.OQ,0.0,0.05361196782580833,0.05361196782580833,3.8121378469037857,1.0218810579787598e-05,0.026805983912904164,SCHEDULED_REBALANCE
2021-01-04,TER.OQ,0.0,0.05361196782580833,0.05361196782580833,6.710283509478133,1.7987575180609693e-05,0.026805983912904164,SCHEDULED_REBALANCE
2021-01-04,GOOG.OQ,0.0,0.05361196782580833,0.05361196782580833,3.702632340178938,9.92527029462353e-06,0.026805983912904164,SCHEDULED_REBALANCE
2021-01-04,CSCO.OQ,0.0,0.05361196782580833,0.05361196782580833,4.546487838145745,1.2187307984954926e-05,0.026805983912904164,SCHEDULED_REBALANCE
2021-01-04,ORCL.N,0.0,0.05361196782580833,0.05361196782580833,1.5685044310247056,4.204530454536716e-06,0.026805983912904164,SCHEDULED_REBALANCE
2021-01-04,AMD.OQ,0.0,0.05361196782580833,0.05361196782580833,4.334633723449506,1.1619412185911933e-05,0.026805983912904164,SCHEDULED_REBALANCE
2021-01-04,NTAP.OQ,0.0,0.05361196782580833,0.05361196782580833,4.625703492406312,1.239965334033082e-05,0.026805983912904164,SCHEDULED_REBALANCE
2021-01-04,TSLA.OQ,0.0,0.05361196782580833,0.05361196782580833,2.8780359532729807,7.714858546419533e-06,0.026805983912904164,SCHEDULED_REBALANCE
2021-03-05,TRMB.OQ,0.0,0.06032394050878629,0.06032394050878629,1.415127715277028,4.147578029516189e-06,0.030161970254393145,SCHEDULED_REBALANCE
2021-03-05,SPY.P,-0.6113777114312494,-0.7754250804392493,-0.16404736900799988,0.2606916148554529,2.0778086860935575e-06,0.08202368450399994,SCHEDULED_REBALANCE
2021-03-05,NOW.N,0.0,0.0603239405087863,0.0603239405087863,10.06749329689849,2.9506675305517217e-05,0.03016197025439315,SCHEDULED_REBALANCE
2021-03-05,HPE.N,0.0,0.0603239405087863,0.0603239405087863,6.94203401596653,2.0346310409969123e-05,0.03016197025439315,SCHEDULED_REBALANCE
2021-03-05,TER.OQ,0.05276239237670074,0.0603239405087863,0.007561548132085559,4.389237589430467,1.6125345790579987e-06,0.0037807740660427795,SCHEDULED_REBALANCE
2021-03-05,GOOG.OQ,0.06731321265369516,0.0,-0.06731321265369516,5.265692118303424,1.7221263298254198e-05,0.03365660632684758,SCHEDULED_REBALANCE
2021-03-05,MPWR.OQ,0.0,0.0603239405087863,0.0603239405087863,22.855080744595917,6.698563651588692e-05,0.03016197025439315,SCHEDULED_REBALANCE
2021-03-05,CSCO.OQ,0.05804657243148747,0.0,-0.05804657243148747,2.163331530556628,6.1011104345792006e-06,0.029023286215743734,SCHEDULED_REBALANCE
2021-03-05,AMD.OQ,0.046935464141636254,0.0603239405087863,0.013388476367150043,2.546797402267953,1.656665316731189e-06,0.006694238183575021,SCHEDULED_REBALANCE
2021-03-05,WDC.OQ,0.0,0.0603239405087863,0.0603239405087863,1.468921387120954,4.305241149995173e-06,0.03016197025439315,SCHEDULED_REBALANCE
2021-03-05,NVDA.OQ,0.05242932039156349,0.0603239405087863,0.007894620117222806,5.0164036399021965,1.924123469068609e-06,0.003947310058611403,SCHEDULED_REBALANCE
2021-03-05,ORCL.N,0.06078785939611737,0.0,-0.06078785939611737,2.859593937660283,8.445598735929901e-06,0.030393929698058684,SCHEDULED_REBALANCE
2021-03-05,NTAP.OQ,0.052553561104402124,0.0,-0.052553561104402124,14.68788249694058,3.75033933426005e-05,0.026276780552201062,SCHEDULED_REBALANCE
2021-03-05,TSLA.OQ,0.04520655277743217,0.0603239405087863,0.015117387731354126,1.3389248164596153,9.834270929548115e-07,0.007558693865677063,SCHEDULED_REBALANCE
2021-05-05,TRMB.OQ,0.0713159753321004,0.073958345835026,0.002642370502925595,1.2329696072998109,1.5367297414470596e-07,0.0013211852514627975,SCHEDULED_REBALANCE
2021-05-05,AMZN.OQ,0.0,0.073958345835026,0.073958345835026,4.860386171436881,1.695545225329579e-05,0.036979172917513,SCHEDULED_REBALANCE
2021-05-05,SPY.P,-0.8684400307042195,-0.9064528280820188,-0.03801279737779928,0.2405436286004186,4.3129567319372605e-07,0.01900639868889964,SCHEDULED_REBALANCE
2021-05-05,NOW.N,0.06124467302722109,0.0,-0.06124467302722109,0.208261743360048,6.016296515677306e-07,0.030622336513610546,SCHEDULED_REBALANCE
2021-05-05,HPE.N,0.06942420494549893,0.073958345835026,0.004534140889527069,6.267627702915427,1.3404469006769822e-06,0.0022670704447635345,SCHEDULED_REBALANCE
2021-05-05,TER.OQ,0.0679302016718589,0.0,-0.0679302016718589,8.028259473345722,2.572383510113674e-05,0.03396510083592945,SCHEDULED_REBALANCE
2021-05-05,MPWR.OQ,0.06316346924278211,0.073958345835026,0.010794876592243888,25.46563619673725,1.2966525689703723e-05,0.005397438296121944,SCHEDULED_REBALANCE
2021-05-05,STX.OQ,0.0,0.073958345835026,0.073958345835026,2.261931689664129,7.890746416344681e-06,0.036979172917513,SCHEDULED_REBALANCE
2021-05-05,AMD.OQ,0.06159057456118245,0.0,-0.06159057456118245,1.2846040208094167,3.7319425119254207e-06,0.030795287280591225,SCHEDULED_REBALANCE
2021-05-05,WDC.OQ,0.06260214961879926,0.073958345835026,0.011356196216226744,1.4582110598787863,7.810964935754231e-07,0.005678098108113372,SCHEDULED_REBALANCE
2021-05-05,NVDA.OQ,0.07211725051628891,0.073958345835026,0.0018410953187370932,8.296030003975496,7.204403033148444e-07,0.0009205476593685466,SCHEDULED_REBALANCE
2021-05-05,ANET.N,0.0,0.073958345835026,0.073958345835026,5.681100871102348,1.9818514654702043e-05,0.036979172917513,SCHEDULED_REBALANCE
2021-05-05,MSFT.OQ,0.0,0.073958345835026,0.073958345835026,0.8113261125313469,2.830310324665112e-06,0.036979172917513,SCHEDULED_REBALANCE
2021-05-05,TSLA.OQ,0.06972143708538832,0.0,-0.06972143708538832,0.7448335706662627,2.4494974143375e-06,0.03486071854269416,SCHEDULED_REBALANCE
2021-06-04,NXPI.OQ,0.0,0.07719689351380714,0.07719689351380714,0.4950617589539793,1.8561247805574137e-06,0.03859844675690357,SCHEDULED_REBALANCE
2021-06-04,TRMB.OQ,0.07068511347825977,0.006691546514330293,-0.06399356696392948,5.010020040080944,1.5571259605648895e-05,0.03199678348196474,SCHEDULED_REBALANCE
2021-06-04,AMZN.OQ,0.07041488774543465,0.08386285857298245,0.013447970827547798,2.0585437362578456,1.344512428135248e-06,0.006723985413773899,SCHEDULED_REBALANCE
2021-06-04,SPY.P,-0.8948410351319392,-0.9900449179440042,-0.09520388281206493,0.236649982842661,1.0942312222452988e-06,0.047601941406032466,SCHEDULED_REBALANCE
2021-06-04,HPE.N,0.07299760313599427,0.006910462936009346,-0.06608714019998492,6.167129201355542,1.979465651612923e-05,0.03304357009999246,SCHEDULED_REBALANCE
2021-06-04,INTC.OQ,0.0,0.07719689351380714,0.07719689351380714,1.7429193899791051,6.534691504125971e-06,0.03859844675690357,SCHEDULED_REBALANCE
2021-06-04,GOOG.OQ,0.0,0.07719689351380712,0.07719689351380712,0.978840726299856,3.669947224650961e-06,0.03859844675690356,SCHEDULED_REBALANCE
2021-06-04,MPWR.OQ,0.0737857167184795,0.006985071271997906,-0.0668006454464816,4.609224209949246,1.4953968354971873e-05,0.0334003227232408,SCHEDULED_REBALANCE
2021-06-04,STX.OQ,0.0811321978208495,0.007680540481766904,-0.0734516573390826,4.034698406293327,1.4393308713854743e-05,0.0367258286695413,SCHEDULED_REBALANCE
2021-06-04,TSLA.OQ,0.0,0.07719689351380714,0.07719689351380714,2.0023714686010106,7.507449798999674e-06,0.03859844675690357,SCHEDULED_REBALANCE
2021-06-04,NVDA.OQ,0.08732589289824365,0.008266878915229398,-0.07905901398301425,2.702068504546052,1.0375181743441746e-05,0.039529506991507125,SCHEDULED_REBALANCE
2021-06-04,ANET.N,0.07944245512144785,0.007520577636495759,-0.07192187748495209,4.852221318377529,1.6949214723781707e-05,0.035960938742476044,SCHEDULED_REBALANCE
2021-06-04,TXN.OQ,0.0,0.07719689351380714,0.07719689351380714,2.103602419142364,7.886992901371787e-06,0.03859844675690357,SCHEDULED_REBALANCE
2021-06-04,MSFT.OQ,0.07325478310001636,0.0841317029013835,0.010876919801367138,0.398763832120064,2.1065397152848093e-07,0.005438459900683569,SCHEDULED_REBALANCE
2021-06-04,WDC.OQ,0.08082424509886868,0.007651387526329073,-0.0731728575725396,3.8888288993940017,1.3820279149095352e-05,0.0365864287862698,SCHEDULED_REBALANCE
2021-07-06,NXPI.OQ,0.07691352613563214,0.06431875455911454,-0.012594771576517602,6.442181421741067,3.961022755298298e-06,0.006297385788258801,SCHEDULED_REBALANCE
2021-07-06,TRMB.OQ,0.006899882185740115,0.0,-0.006899882185740115,3.625596712792451,1.221251923174545e-06,0.0034499410928700573,SCHEDULED_REBALANCE
2021-07-06,AMZN.OQ,0.09565000577226578,0.0,-0.09565000577226578,3.644860067294304,1.7019623598621144e-05,0.04782500288613289,SCHEDULED_REBALANCE
2021-07-06,SPY.P,-1.0123826625452232,-1.0,0.012382662545223244,0.2309975629768136,1.3963861307051467e-07,0.006191331272611622,SCHEDULED_REBALANCE
2021-07-06,HPE.N,0.006129056805831475,0.0,-0.006129056805831475,6.966213862765438,2.0843686888197913e-06,0.0030645284029157376,SCHEDULED_REBALANCE
2021-07-06,INTC.OQ,0.07508691952726851,0.0,-0.07508691952726851,1.782690079329354,6.53467850854652e-06,0.037543459763634254,SCHEDULED_REBALANCE
2021-07-06,TER.OQ,0.0,0.06431875455911454,0.06431875455911454,3.162555344719027,9.93024244048955e-06,0.03215937727955727,SCHEDULED_REBALANCE
2021-07-06,GOOG.OQ,0.0813005322969446,0.06431875455911454,-0.016981777737830064,4.89441362419804,4.057587667464445e-06,0.008490888868915032,SCHEDULED_REBALANCE
2021-07-06,MPWR.OQ,0.007690908893362906,0.0,-0.007690908893362906,3.389609543054441,1.2726571779943725e-06,0.003845454446681453,SCHEDULED_REBALANCE
2021-07-06,STX.OQ,0.006601160715055673,0.0,-0.006601160715055673,3.503240497460283,1.128949069601495e-06,0.0033005803575278363,SCHEDULED_REBALANCE
2021-07-06,IBM.N,0.0,0.06431875455911454,0.06431875455911454,2.1619344752770817,6.788350286360388e-06,0.03215937727955727,SCHEDULED_REBALANCE
2021-07-06,TSLA.OQ,0.08456060923932217,0.06431875455911454,-0.02024185468020763,3.1845475272278065,3.1468941015314894e-06,0.010120927340103815,SCHEDULED_REBALANCE
2021-07-06,AVGO.OQ,0.0,0.06431875455911454,0.06431875455911454,4.0150882791131846,1.2607146969977903e-05,0.03215937727955727,SCHEDULED_REBALANCE
2021-07-06,NVDA.OQ,0.009686541716507551,0.06431875455911454,0.054632212842606984,0.9662069132116448,2.5769323832398095e-06,0.027316106421303492,SCHEDULED_REBALANCE
2021-07-06,ANET.N,0.008007562403635227,0.06431875455911454,0.05631119215547931,0.2667200106685578,7.332201855607388e-07,0.028155596077739656,SCHEDULED_REBALANCE
2021-07-06,TXN.OQ,0.0772570303862976,0.0,-0.0772570303862976,0.5230262297649471,1.9726297148700366e-06,0.0386285151931488,SCHEDULED_REBALANCE
2021-07-06,MSFT.OQ,0.0926673314185057,0.0,-0.0926673314185057,0.7203313524235063,3.258690131430167e-06,0.04633366570925285,SCHEDULED_REBALANCE
2021-07-06,WDC.OQ,0.00682099539042083,0.06431875455911454,0.05749775916869371,4.337316145765168,1.2174638911260753e-05,0.028748879584346854,SCHEDULED_REBALANCE
2021-08-04,NXPI.OQ,0.06786319456320315,0.0,-0.06786319456320315,2.824725766206971,9.339461610717437e-06,0.033931597281601576,SCHEDULED_REBALANCE
2021-08-04,WDC.OQ,0.060524410312453515,0.0,-0.060524410312453515,6.161437552974527,1.816870060023218e-05,0.030262205156226758,SCHEDULED_REBALANCE
2021-08-04,AMZN.OQ,0.0,0.08897976031762914,0.08897976031762914,0.0298087915061742,1.2922509236811944e-07,0.04448988015881457,SCHEDULED_REBALANCE
2021-08-04,SPY.P,-1.016014470513621,-1.0,0.016014470513620926,0.2277774614199853,1.7771929545203945e-07,0.008007235256810463,SCHEDULED_REBALANCE
2021-08-04,AVGO.OQ,0.06642538964666116,0.08897976031762916,0.022554370670968008,2.0502726862683223,2.2529605643131785e-06,0.011277185335484004,SCHEDULED_REBALANCE
2021-08-04,NVDA.OQ,0.06312640182119518,0.08897976031762916,0.025853358496433984,1.4799102187801167,1.8640758828676712e-06,0.012926679248216992,SCHEDULED_REBALANCE
2021-08-04,TER.OQ,0.06517686886823035,0.08897976031762916,0.023802891449398816,3.126954346465919,3.626289787678666e-06,0.011901445724699408,SCHEDULED_REBALANCE
2021-08-04,GOOG.OQ,0.06755581298666492,0.08897976031762916,0.02142394733096424,2.647438419479364,2.763354543577485e-06,0.01071197366548212,SCHEDULED_REBALANCE
2021-08-04,ANET.N,0.06568406832631221,0.08897976031762916,0.023295691991316952,12.307370019771064,1.3968575633269728e-05,0.011647845995658476,SCHEDULED_REBALANCE
2021-08-04,IBM.N,0.06629642700991954,0.0,-0.06629642700991954,1.400833986436916,4.524681805778167e-06,0.03314821350495977,SCHEDULED_REBALANCE
2021-08-04,META.OQ,0.0,0.08897976031762916,0.08897976031762916,1.114609747261226,4.8319821189129594e-06,0.04448988015881458,SCHEDULED_REBALANCE
2021-08-04,TSLA.OQ,0.06946462904452931,0.0,-0.06946462904452931,2.391603702213861,8.094018415131174e-06,0.034732314522264655,SCHEDULED_REBALANCE
2021-09-02,NXPI.OQ,0.0,0.06249611545401454,0.06249611545401454,4.720098178041835,1.4096905262759648e-05,0.03124805772700727,SCHEDULED_REBALANCE
2021-09-02,WDC.OQ,0.0,0.06249611545401454,0.06249611545401454,1.622403250303477,4.845421441426369e-06,0.03124805772700727,SCHEDULED_REBALANCE
2021-09-02,AMZN.OQ,0.09364703236624965,0.0,-0.09364703236624965,0.375347738023933,1.6797612076824828e-06,0.04682351618312482,SCHEDULED_REBALANCE
2021-09-02,SPY.P,-1.0525121288170418,-0.9471100438960337,0.10540208492100811,0.2206506989108881,1.1114098312812277e-06,0.052701042460504055,SCHEDULED_REBALANCE
2021-09-02,AVGO.OQ,0.09147823639715606,0.06249611545401454,-0.028982120943141523,7.925298976823881,1.097654201927285e-05,0.014491060471570762,SCHEDULED_REBALANCE
2021-09-02,NVDA.OQ,0.10022853234276087,0.06249611545401454,-0.03773241688874633,3.5719069518235123,6.440720992797844e-06,0.018866208444373166,SCHEDULED_REBALANCE
2021-09-02,TER.OQ,0.08580018174497461,0.06249611545401454,-0.023304066290960074,8.276090374906424,9.216725574325692e-06,0.011652033145480037,SCHEDULED_REBALANCE
2021-09-02,GOOG.OQ,0.09617790825631718,0.0,-0.09617790825631718,4.679919505384192,2.150965456693746e-05,0.04808895412815859,SCHEDULED_REBALANCE
2021-09-02,ANET.N,0.08639268616014559,0.06249611545401454,-0.02389657070613105,0.2747894425893658,3.138017418534432e-07,0.011948285353065524,SCHEDULED_REBALANCE
2021-09-02,AMD.OQ,0.0,0.062496115454014525,0.062496115454014525,0.9157928476583284,2.7350797646137242e-06,0.031248057727007263,SCHEDULED_REBALANCE
2021-09-02,META.OQ,0.0948506950247531,0.0,-0.0948506950247531,1.8651496782614991,8.45422753942681e-06,0.04742534751237655,SCHEDULED_REBALANCE
2021-09-02,TSLA.OQ,0.0,0.06249611545401454,0.06249611545401454,2.7312121017664195,8.156957079879331e-06,0.03124805772700727,SCHEDULED_REBALANCE
2021-10-04,NXPI.OQ,0.05496377193839575,0.06741233711780695,0.012448565179411196,5.291285253187699,3.1998214964275614e-06,0.006224282589705598,SCHEDULED_REBALANCE
2021-10-04,TSLA.OQ,0.0656040600847798,0.06741233711780695,0.0018082770330271475,1.1514337274709936,1.0114611167761696e-07,0.0009041385165135737,SCHEDULED_REBALANCE
2021-10-04,SPY.P,-0.8840770342780189,-0.7698250569689769,0.11425197730904202,0.466537591265992,2.589379150928933e-06,0.05712598865452101,SCHEDULED_REBALANCE
2021-10-04,AVGO.OQ,0.059921774072826346,0.06741233711780695,0.007490563044980601,5.251163132635072,1.9108000899524854e-06,0.0037452815224903006,SCHEDULED_REBALANCE
2021-10-04,NVDA.OQ,0.05416616868661176,0.06741233711780695,0.013246168431195186,4.561234574158244,2.935066595997409e-06,0.006623084215597593,SCHEDULED_REBALANCE
2021-10-04,TER.OQ,0.05456161646750926,0.06741233711780695,0.012850720650297687,5.592841163311174,3.491445342096321e-06,0.006425360325148843,SCHEDULED_REBALANCE
2021-10-04,ADI.OQ,0.0,0.06741233711780693,0.06741233711780693,4.260628747072132,1.3952703209189351e-05,0.03370616855890347,SCHEDULED_REBALANCE
2021-10-04,MPWR.OQ,0.0,0.06741233711780695,0.06741233711780695,11.200379089753415,3.667899142283427e-05,0.033706168558903474,SCHEDULED_REBALANCE
2021-10-04,ANET.N,0.0580681891988444,0.0,-0.0580681891988444,6.689255020575605,1.8869540107680218e-05,0.0290340945994222,SCHEDULED_REBALANCE
2021-10-04,AMD.OQ,0.056490956502786814,0.06741233711780693,0.01092138061502012,0.9965618615766512,5.287216382737793e-07,0.00546069030751006,SCHEDULED_REBALANCE
2021-10-04,WDC.OQ,0.0568013383040096,0.0,-0.0568013383040096,3.511124435045049,9.688355554210014e-06,0.0284006691520048,SCHEDULED_REBALANCE
2021-11-02,NXPI.OQ,0.06912339374002324,0.004912508570657864,-0.06421088516936538,7.742559883861437,2.5748513946068248e-05,0.03210544258468269,SCHEDULED_REBALANCE
2021-11-02,AMZN.OQ,0.0,0.09289313168110053,0.09289313168110053,2.294111077236738,1.1037151034669937e-05,0.046446565840550263,SCHEDULED_REBALANCE
2021-11-02,SPY.P,-0.7780968347645953,-0.6552908604204025,0.12280597434419283,0.2165134833769803,1.3770933517658773e-06,0.06140298717209641,SCHEDULED_REBALANCE
2021-11-02,NOW.N,0.0,0.0928931316811005,0.0928931316811005,1.601992295872784,7.707312475568045e-06,0.04644656584055025,SCHEDULED_REBALANCE
2021-11-02,TER.OQ,0.08213994661123679,0.005837577842874933,-0.07630236876836186,2.1526208158433704,8.506766173516788e-06,0.03815118438418093,SCHEDULED_REBALANCE
2021-11-02,MPWR.OQ,0.0730376797148779,0.005190691720515936,-0.06784698799436197,10.638198598371607,3.7381575830206366e-05,0.03392349399718098,SCHEDULED_REBALANCE
2021-11-02,AMD.OQ,0.0804274679633312,0.005715874240379018,-0.07471159372295218,0.7836069427579136,3.0321118323042626e-06,0.03735579686147609,SCHEDULED_REBALANCE
2021-11-02,AVGO.OQ,0.07135021508108934,0.0979638975121651,0.026613682431075758,4.839910647802727,6.671158413953162e-06,0.013306841215537879,SCHEDULED_REBALANCE
2021-11-02,ADI.OQ,0.06849635976512913,0.0977610777728479,0.029264718007718765,3.932915695144063,5.960983504133368e-06,0.014632359003859383,SCHEDULED_REBALANCE
2021-11-02,NVDA.OQ,0.08460090213492251,0.006012474711329971,-0.07858842742359254,2.2722108611680025,9.248390718934785e-06,0.03929421371179627,SCHEDULED_REBALANCE
2021-11-02,ORCL.N,0.0,0.09289313168110053,0.09289313168110053,1.0430247718373824,5.0180752161040065e-06,0.046446565840550263,SCHEDULED_REBALANCE
2021-11-02,TXN.OQ,0.0,0.09289313168110053,0.09289313168110053,1.0562450488518738,5.0816790213325096e-06,0.046446565840550263,SCHEDULED_REBALANCE
2021-11-02,TSLA.OQ,0.09482168791161288,0.006738852497636158,-0.08808283541397673,2.4747199112587634,1.1289540818228235e-05,0.04404141770698836,SCHEDULED_REBALANCE
2021-12-02,NXPI.OQ,0.005270064845905306,0.0,-0.005270064845905306,8.526870862784595,2.3392920141986722e-06,0.002635032422952653,SCHEDULED_REBALANCE
2021-12-02,AMZN.OQ,0.09589591478700459,0.09519545654970808,-0.0007004582372965029,8.375014539956116,3.0538423255386357e-07,0.00035022911864825146,SCHEDULED_REBALANCE
2021-12-02,SPY.P,-0.6455984136691248,-0.7915943031282463,-0.14599588945912145,0.8745845723285914,6.646931969828718e-06,0.07299794472956073,SCHEDULED_REBALANCE
2021-12-02,NOW.N,0.08390970113645478,0.09519545654970808,0.011285755413253301,9.949769710975996,5.845510654272569e-06,0.0056428777066266506,SCHEDULED_REBALANCE
2021-12-02,TER.OQ,0.0062950818744854885,0.0,-0.0062950818744854885,0.6622297274918649,2.1701454805423196e-07,0.0031475409372427442,SCHEDULED_REBALANCE
2021-12-02,MPWR.OQ,0.005342284576772023,0.0,-0.005342284576772023,17.839605726693797,4.961249450948174e-06,0.0026711422883860113,SCHEDULED_REBALANCE
2021-12-02,AMD.OQ,0.006713757539308736,0.09519545654970808,0.08848169901039935,1.3272280841450534,6.113329573373973e-06,0.04424084950519967,SCHEDULED_REBALANCE
2021-12-02,TSLA.OQ,0.006204518512831853,0.09519545654970808,0.08899093803687623,5.349069267190404,2.4780085460783967e-05,0.044495469018438115,SCHEDULED_REBALANCE
2021-12-02,AVGO.OQ,0.10025551796060467,0.0,-0.10025551796060467,1.809954751132148,9.446149096874194e-06,0.050127758980302334,SCHEDULED_REBALANCE
2021-12-02,NVDA.OQ,0.007279892151926124,0.09519545654970808,0.08791556439778196,4.981630238495,2.2799013242729653e-05,0.04395778219889098,SCHEDULED_REBALANCE
2021-12-02,ANET.N,0.0,0.09519545654970808,0.09519545654970808,0.8115236356263028,4.021575140777369e-06,0.04759772827485404,SCHEDULED_REBALANCE
2021-12-02,ORCL.N,0.08675115679358263,0.09519545654970805,0.008444299756125428,1.111172842936287,4.884544310013024e-07,0.004222149878062714,SCHEDULED_REBALANCE
2021-12-02,TXN.OQ,0.09448913275590076,0.0,-0.09448913275590076,5.680497818171666,2.7941328660084552e-05,0.04724456637795038,SCHEDULED_REBALANCE
2021-12-02,ADI.OQ,0.09911017678888288,0.0,-0.09911017678888288,7.747648035418639,3.9973016916638254e-05,0.04955508839444144,SCHEDULED_REBALANCE
2022-02-02,AMZN.OQ,0.0907399639424029,0.01884518150399586,-0.07189478243840704,4.8146604751233735,1.6566297136856993e-05,0.03594739121920352,SCHEDULED_REBALANCE
2022-02-02,INTC.OQ,0.0,0.0792316630013675,0.0792316630013675,2.0199979800016186,7.659706218425433e-06,0.03961583150068375,SCHEDULED_REBALANCE
2022-02-02,SPY.P,-0.8640010068614122,-0.8813422180687853,-0.017341211207373086,0.2186724396188737,1.8148297263824567e-07,0.008670605603686543,SCHEDULED_REBALANCE
2022-02-02,NOW.N,0.0965328109155243,0.02004825948518879,-0.07648455143033552,4.300890284288603,1.574325370152939e-05,0.03824227571516776,SCHEDULED_REBALANCE
2022-02-02,MU.OQ,0.0,0.0792316630013675,0.0792316630013675,1.1832219132687576,4.486703618799994e-06,0.03961583150068375,SCHEDULED_REBALANCE
2022-02-02,TER.OQ,0.0,0.0792316630013675,0.0792316630013675,11.096410737910926,4.207689669635757e-05,0.03961583150068375,SCHEDULED_REBALANCE
2022-02-02,JCI.N,0.0,0.07923166300136747,0.07923166300136747,4.149664568780848,1.5735268954004038e-05,0.039615831500683735,SCHEDULED_REBALANCE
2022-02-02,CSCO.OQ,0.0,0.0792316630013675,0.0792316630013675,3.5618878005335746,1.350645614757439e-05,0.03961583150068375,SCHEDULED_REBALANCE
2022-02-02,AMD.OQ,0.08435947656902373,0.01752006038413728,-0.06683941618488645,6.514657980455887,2.083947023019923e-05,0.033419708092443226,SCHEDULED_REBALANCE
2022-02-02,TT.N,0.0,0.0792316630013675,0.0792316630013675,0.6062626936245964,2.2989102812627336e-06,0.03961583150068375,SCHEDULED_REBALANCE
2022-02-02,NVDA.OQ,0.08135789726936539,0.01689668227990304,-0.06446121498946235,5.15065670872962,1.5889985410122343e-05,0.032230607494731174,SCHEDULED_REBALANCE
2022-02-02,ANET.N,0.10550285156726504,0.10114285075802414,-0.004360000809240899,3.186489285429144,6.649078169011464e-07,0.0021800004046204496,SCHEDULED_REBALANCE
2022-02-02,DLR.N,0.0,0.0792316630013675,0.0792316630013675,0.6701289998318583,2.5410873268077167e-06,0.03961583150068375,SCHEDULED_REBALANCE
2022-02-02,ORCL.N,0.09527938500472674,0.019787943768006175,-0.07549144123672057,1.2121946784659816,4.379580326326843e-06,0.03774572061836028,SCHEDULED_REBALANCE
2022-02-02,TSLA.OQ,0.08646258086595925,0.01795684017195756,-0.06850574069400168,4.749039748969818,1.5570235354475988e-05,0.03425287034700084,SCHEDULED_REBALANCE
2022-03-04,AMZN.OQ,0.01812624722649294,0.0,-0.01812624722649294,3.159872368632927,2.755845759111136e-06,0.00906312361324647,SCHEDULED_REBALANCE
2022-03-04,INTC.OQ,0.0770999646550827,0.0673500265541539,-0.009749938100928807,2.0787859889820206,9.7518970142852e-07,0.004874969050464403,SCHEDULED_REBALANCE
2022-03-04,SPY.P,-0.828391142383269,-0.9999999999999999,-0.17160885761673084,0.4626951995368839,3.820429243197622e-06,0.08580442880836542,SCHEDULED_REBALANCE
2022-03-04,NOW.N,0.018772247524136455,0.0673500265541539,0.04857777903001744,1.8280867244338437,4.272793620604396e-06,0.02428888951500872,SCHEDULED_REBALANCE
2022-03-04,QCOM.OQ,0.0,0.0673500265541539,0.0673500265541539,4.9294472857238585,1.597399207831706e-05,0.03367501327707695,SCHEDULED_REBALANCE
2022-03-04,MU.OQ,0.07638578309955248,0.0673500265541539,-0.00903575654539858,4.884004884005647,2.1233328427415883e-06,0.00451787827269929,SCHEDULED_REBALANCE
2022-03-04,TER.OQ,0.0752040382596797,0.0,-0.0752040382596797,8.054051635420233,2.9142918245705306e-05,0.03760201912983985,SCHEDULED_REBALANCE
2022-03-04,JCI.N,0.06856681990778181,0.0,-0.06856681990778181,1.5894460780426156,5.243693193387355e-06,0.034283409953890905,SCHEDULED_REBALANCE
2022-03-04,CSCO.OQ,0.07928747628814899,0.0,-0.07928747628814899,1.770381517217866,6.753811389491238e-06,0.03964373814407449,SCHEDULED_REBALANCE
2022-03-04,AMD.OQ,0.015389800957130205,0.0673500265541539,0.05196022559702369,6.459054209918632,1.614795104911422e-05,0.025980112798511847,SCHEDULED_REBALANCE
2022-03-04,DELL.N,0.0,0.0673500265541539,0.0673500265541539,5.772005772005991,1.870432304754523e-05,0.03367501327707695,SCHEDULED_REBALANCE
2022-03-04,TT.N,0.07260573465455336,0.0,-0.07260573465455336,0.6611351690847181,2.3096099981982438e-06,0.03630286732727668,SCHEDULED_REBALANCE
2022-03-04,NVDA.OQ,0.015273972839309893,0.06735002655415388,0.05207605371484399,17.891819947197472,4.483013555090671e-05,0.026038026857421993,SCHEDULED_REBALANCE
2022-03-04,APTV.N,0.0,0.0673500265541539,0.0673500265541539,2.8334966489830062,9.18201380424053e-06,0.03367501327707695,SCHEDULED_REBALANCE
2022-03-04,ANET.N,0.09495054734717846,0.0673500265541539,-0.027600520793024566,3.374388392104459,4.481153409295411e-06,0.013800260396512283,SCHEDULED_REBALANCE
2022-03-04,DLR.N,0.07353457500177558,0.0,-0.07353457500177558,3.59079320622007,1.2704554723543304e-05,0.03676728750088779,SCHEDULED_REBALANCE
2022-03-04,ORCL.N,0.018248884377038744,0.0,-0.018248884377038744,1.3076168682582696,1.14813855394306e-06,0.009124442188519372,SCHEDULED_REBALANCE
2022-03-04,TSLA.OQ,0.016532706481523166,0.0,-0.016532706481523166,7.274587336803459,5.786684231874636e-06,0.008266353240761583,SCHEDULED_REBALANCE
2022-04-04,INTC.OQ,0.07103110903256726,0.07284728677258999,0.0018161777400227258,2.0319008432384456,1.7231317397168084e-07,0.0009080888700113629,SCHEDULED_REBALANCE
2022-04-04,QCOM.OQ,0.06578558111789098,0.07284728677258999,0.007061705654699005,0.6501316516588698,2.1437223936513674e-07,0.0035308528273495024,SCHEDULED_REBALANCE
2022-04-04,SPY.P,-1.0925060793226313,-0.9092783485771095,0.1832277307455218,0.2189261671499295,1.8730376178601894e-06,0.0916138653727609,SCHEDULED_REBALANCE
2022-04-04,NOW.N,0.07291998748623685,0.0,-0.07291998748623685,5.218843504279649,1.776963399238285e-05,0.036459993743118424,SCHEDULED_REBALANCE
2022-04-04,HPE.N,0.0,0.07284728677258999,0.07284728677258999,6.125574272586836,2.0836166255943452e-05,0.036423643386294995,SCHEDULED_REBALANCE
2022-04-04,MU.OQ,0.06580728811203501,0.07284728677258999,0.0070399986605549775,1.2874155133575944,4.232031949287206e-07,0.0035199993302774887,SCHEDULED_REBALANCE
2022-04-04,AMD.OQ,0.07075684185585589,0.07284728677258996,0.0020904449167340744,0.9046908219120746,8.830728566730674e-08,0.0010452224583670372,SCHEDULED_REBALANCE
2022-04-04,DELL.N,0.06595375977332758,0.07284728677258999,0.006893526999262406,2.0249063480809983,6.517845263370338e-07,0.003446763499631203,SCHEDULED_REBALANCE
2022-04-04,NVDA.OQ,0.08278583393790159,0.07284728677258999,-0.009938547165311604,1.4614007526218755,6.781876125122255e-07,0.004969273582655802,SCHEDULED_REBALANCE
2022-04-04,ANET.N,0.0835664923804798,0.0,-0.0835664923804798,0.7005499316957444,2.733561767547978e-06,0.0417832461902399,SCHEDULED_REBALANCE
2022-04-04,ORCL.N,0.0,0.07284728677258999,0.07284728677258999,1.18941421350046,4.045797372923207e-06,0.036423643386294995,SCHEDULED_REBALANCE
2022-04-04,APTV.N,0.07782966651677588,0.0,-0.07782966651677588,0.8422017085420372,3.0606869430914367e-06,0.03891483325838794,SCHEDULED_REBALANCE
2022-05-04,ROK.N,0.0,0.07795268284392948,0.07795268284392948,0.4497515122890511,1.6541422434406212e-06,0.03897634142196474,SCHEDULED_REBALANCE
2022-05-04,INTC.OQ,0.06819666332931812,0.09298821749800189,0.02479155416868377,2.147996992805309,2.5125029258577653e-06,0.012395777084341884,SCHEDULED_REBALANCE
2022-05-04,QCOM.OQ,0.0698633261675648,0.01540298909594303,-0.05446033707162177,1.341561577677102,3.4471492747934317e-06,0.027230168535810884,SCHEDULED_REBALANCE
2022-05-04,SPY.P,-0.8452345720337232,-0.9358337592702851,-0.0905991872365619,0.2331083837428093,9.96440448894462e-07,0.04529959361828095,SCHEDULED_REBALANCE
2022-05-04,HPE.N,0.07107841583422313,0.01567088376848183,-0.0554075320657413,6.216972334474082,1.625237726777932e-05,0.02770376603287065,SCHEDULED_REBALANCE
2022-05-04,AMZN.OQ,0.0,0.07795268284392948,0.07795268284392948,5.043435095557589,1.8549262905537735e-05,0.03897634142196474,SCHEDULED_REBALANCE
2022-05-04,MU.OQ,0.06842990821314528,0.015086958893360099,-0.05334294931978518,1.3582342954147235,3.418384181495481e-06,0.02667147465989259,SCHEDULED_REBALANCE
2022-05-04,JNPR.N^G25,0.0,0.07795268284392945,0.07795268284392945,3.037205770690361,1.1170546913229041e-05,0.038976341421964725,SCHEDULED_REBALANCE
2022-05-04,CSCO.OQ,0.0,0.07795268284392948,0.07795268284392948,1.938923897236648,7.131173186971717e-06,0.03897634142196474,SCHEDULED_REBALANCE
2022-05-04,IBM.N,0.0,0.07795268284392945,0.07795268284392945,2.9105726551693256,1.0704802652057516e-05,0.038976341421964725,SCHEDULED_REBALANCE
2022-05-04,AMD.OQ,0.06484782866823117,0.014297206455310157,-0.05055062221292102,5.027399326328204,1.1990548277834414e-05,0.02527531110646051,SCHEDULED_REBALANCE
2022-05-04,DELL.N,0.07175228696623408,0.01581945427417949,-0.05593283269205459,2.047292455726893,5.402762221746441e-06,0.027966416346027295,SCHEDULED_REBALANCE
2022-05-04,NVDA.OQ,0.053580723842165244,0.011813112120000475,-0.04176761172216477,4.425105096246203,8.720319285413402e-06,0.020883805861082384,SCHEDULED_REBALANCE
2022-05-04,ANET.N,0.0,0.07795268284392948,0.07795268284392948,0.8488604049068474,3.1220258657809733e-06,0.03897634142196474,SCHEDULED_REBALANCE
2022-05-04,ORCL.N,0.06474964991522489,0.09222824351818446,0.027478593602959567,1.3293452974416904,1.7234609931791955e-06,0.013739296801479783,SCHEDULED_REBALANCE
2022-05-04,CARR.N,0.0,0.07795268284392948,0.07795268284392948,2.5371051630103043,9.331225602393188e-06,0.03897634142196474,SCHEDULED_REBALANCE
2022-06-03,ROK.N,0.07653803932091857,0.010839337652337869,-0.0656987016685807,0.4581586603449626,1.4276850914399103e-06,0.03284935083429035,SCHEDULED_REBALANCE
2022-06-03,INTC.OQ,0.08694414675181081,0.09815102656205858,0.011206879810247775,4.609356994698323,2.4501055658484537e-06,0.005603439905123887,SCHEDULED_REBALANCE
2022-06-03,QCOM.OQ,0.014594818176230538,0.002066922063724771,-0.012527896112505767,0.708140070105223,4.207818997314649e-07,0.0062639480562528835,SCHEDULED_REBALANCE
2022-06-03,SPY.P,-0.8907289633146254,-0.8695482197831094,0.021180743531516,0.974207847244708,9.787067015685828e-07,0.010590371765758,SCHEDULED_REBALANCE
2022-06-03,HPE.N,0.014609932306786859,0.08790703571590242,0.07329710340911555,6.629101756711824,2.3046301270182744e-05,0.036648551704557775,SCHEDULED_REBALANCE
2022-06-03,AMZN.OQ,0.07533909982539963,0.010669543519486305,-0.06466955630591333,0.2043339224959573,6.267582948473359e-07,0.03233477815295666,SCHEDULED_REBALANCE
2022-06-03,MU.OQ,0.014257419846669695,0.0020191396218188513,-0.012238280224850843,1.4296947601694356,8.298955879725797e-07,0.006119140112425422,SCHEDULED_REBALANCE
2022-06-03,JNPR.N^G25,0.0730455774029058,0.010344734259003674,-0.06270084314390213,3.2472804026632773,9.657237441402739e-06,0.031350421571951066,SCHEDULED_REBALANCE
2022-06-03,CSCO.OQ,0.06802643770533091,0.009633922349148567,-0.058392515356182347,2.209212415774907,6.118632877115632e-06,0.029196257678091173,SCHEDULED_REBALANCE
2022-06-03,IBM.N,0.0806537637031276,0.09726018082793504,0.01660641712480744,0.7083407118837844,5.579276477053711e-07,0.00830320856240372,SCHEDULED_REBALANCE
2022-06-03,AMD.OQ,0.015206179440655032,0.002153503209929363,-0.013052676230725669,1.881644557342744,1.1649221181414433e-06,0.006526338115362834,SCHEDULED_REBALANCE
2022-06-03,IRM.N,0.0,0.08583797318495541,0.08583797318495541,1.867588010084604,7.603617623557008e-06,0.042918986592477705,SCHEDULED_REBALANCE
2022-06-03,DELL.N,0.016448737160668876,0.0023294745674301304,-0.014119262593238745,1.959823615874181,1.3124680472347994e-06,0.0070596312966193725,SCHEDULED_REBALANCE
2022-06-03,AVGO.OQ,0.0,0.08583797318495541,0.08583797318495541,2.4849571344886834,1.0117147764686026e-05,0.042918986592477705,SCHEDULED_REBALANCE
2022-06-03,NVDA.OQ,0.010818243885977479,0.0015320826000490527,-0.009286161285928426,0.5342593829310656,2.353141903808652e-07,0.004643080642964213,SCHEDULED_REBALANCE
2022-06-03,ANET.N,0.06791809438488053,0.009618578739054078,-0.05829951564582645,2.907681124303479,8.04028532610411e-06,0.029149757822913226,SCHEDULED_REBALANCE
2022-06-03,DLR.N,0.0,0.08583797318495541,0.08583797318495541,8.183610460140997,3.331840019482385e-05,0.042918986592477705,SCHEDULED_REBALANCE
2022-06-03,ORCL.N,0.08757128431106408,0.09823984195136724,0.010668557640303167,1.3936311058469957,7.052015793162163e-07,0.005334278820151583,SCHEDULED_REBALANCE
2022-06-03,CARR.N,0.07789678799556944,0.011031764003990988,-0.06686502399157845,2.526209422762439,8.011762978079794e-06,0.03343251199578923,SCHEDULED_REBALANCE
2022-06-03,TXN.OQ,0.0,0.08583797318495541,0.08583797318495541,0.580265181187275,2.3624667400880295e-06,0.042918986592477705,SCHEDULED_REBALANCE
2022-06-03,MSFT.OQ,0.0,0.08583797318495538,0.08583797318495538,0.3703086522613232,1.5076587444798842e-06,0.04291898659247769,SCHEDULED_REBALANCE
2022-07-06,ROK.N,0.010111978387792,0.0,-0.010111978387792,7.980845969672615,3.770364495695632e-06,0.005055989193896,SCHEDULED_REBALANCE
2022-07-06,INTC.OQ,0.08494757568100625,0.07472182970972399,-0.010225745971282257,2.703067982159213,1.2913686633843109e-06,0.005112872985641129,SCHEDULED_REBALANCE
2022-07-06,QCOM.OQ,0.0018879835531467452,0.0,-0.0018879835531467452,0.7867511112863472,6.939590553170559e-08,0.0009439917765733726,SCHEDULED_REBALANCE
2022-07-06,SPY.P,-0.8276555306868372,-0.7849353853487593,0.042720145338077886,0.2608820421843889,5.206851388573313e-07,0.021360072669038943,SCHEDULED_REBALANCE
2022-07-06,HPE.N,0.07621170082511937,0.07472182970972399,-0.0014898711153953775,7.827788649706292,5.448614314731967e-07,0.0007449355576976888,SCHEDULED_REBALANCE
2022-07-06,AMZN.OQ,0.010121934685997926,0.0,-0.010121934685997926,0.8742405035629774,4.134211869392621e-07,0.005060967342998963,SCHEDULED_REBALANCE
2022-07-06,MU.OQ,0.0016814619134073417,0.0,-0.0016814619134073417,1.7429193899791051,1.369186509747004e-07,0.0008407309567036709,SCHEDULED_REBALANCE
2022-07-06,JNPR.N^G25,0.00957815416797755,0.0,-0.00957815416797755,3.560619547801874,1.5933297687420145e-06,0.004789077083988775,SCHEDULED_REBALANCE
2022-07-06,CSCO.OQ,0.00931081180514852,0.0,-0.00931081180514852,2.3416461772621497,1.0186080352786693e-06,0.00465540590257426,SCHEDULED_REBALANCE
2022-07-06,IBM.N,0.09657264695191925,0.07472182970972399,-0.02185081724219526,0.7240867455935213,7.39190808299869e-07,0.01092540862109763,SCHEDULED_REBALANCE
2022-07-06,AMD.OQ,0.0015497333432346475,0.07472182970972398,0.07317209636648933,1.3268758707629689,4.536010692319024e-06,0.036586048183244665,SCHEDULED_REBALANCE
2022-07-06,IRM.N,0.08039064459786012,0.0,-0.08039064459786012,2.050230650947824,7.700279839302222e-06,0.04019532229893006,SCHEDULED_REBALANCE
2022-07-06,DELL.N,0.001956101704931364,0.07472182970972399,0.07276572800479263,2.368826246594341,8.053012265049159e-06,0.03638286400239631,SCHEDULED_REBALANCE
2022-07-06,AVGO.OQ,0.07526660385761123,0.07472182970972399,-0.000544774147887242,1.8646859558070132,4.745920569824647e-08,0.000272387073943621,SCHEDULED_REBALANCE
2022-07-06,NVDA.OQ,0.0012573896227848482,0.0,-0.0012573896227848482,0.6609166914506762,3.8825304217337824e-08,0.0006286948113924241,SCHEDULED_REBALANCE
2022-07-06,ANET.N,0.009335293329987442,0.0,-0.009335293329987442,4.054738976179042,1.7684351801338763e-06,0.004667646664993721,SCHEDULED_REBALANCE
2022-07-06,DLR.N,0.08401340736369661,0.07472182970972399,-0.009291577653972621,0.7788465282931055,3.380956823523279e-07,0.004645788826986311,SCHEDULED_REBALANCE
2022-07-06,ORCL.N,0.09955474567014884,0.0,-0.09955474567014884,1.395186606209294,6.489220642546134e-06,0.04977737283507442,SCHEDULED_REBALANCE
2022-07-06,ON.OQ,0.0,0.07472182970972399,0.07472182970972399,2.100178515173372,7.331654394754582e-06,0.037360914854861996,SCHEDULED_REBALANCE
2022-07-06,CARR.N,0.010279180518607984,0.0,-0.010279180518607984,2.7635760674307064,1.327174997555624e-06,0.005139590259303992,SCHEDULED_REBALANCE
2022-07-06,TXN.OQ,0.07626234723152456,0.07472182970972399,-0.0015405175218005662,0.6629321488939577,4.771270054733356e-08,0.0007702587609002831,SCHEDULED_REBALANCE
2022-07-06,MSFT.OQ,0.08591507006161987,0.0,-0.08591507006161987,0.3755939078664728,1.5076001202187962e-06,0.042957535030809936,SCHEDULED_REBALANCE
2022-09-02,INTC.OQ,0.0636633704445752,0.0,-0.0636633704445752,3.201536737633428,9.529617759720982e-06,0.0318316852222876,SCHEDULED_REBALANCE
2022-09-02,SPY.P,-0.802739319010487,-0.8610919514615437,-0.05835263245105671,0.7647696131547909,2.0865002492628485e-06,0.029176316225528354,SCHEDULED_REBALANCE
2022-09-02,HPE.N,0.07741328499945219,0.06197877417628172,-0.015434510823170468,7.550018875047026,5.4483910546563186e-06,0.007717255411585234,SCHEDULED_REBALANCE
2022-09-02,MPWR.OQ,0.0,0.06197877417628172,0.06197877417628172,5.185621685327691,1.5026961596552606e-05,0.03098938708814086,SCHEDULED_REBALANCE
2022-09-02,IBM.N,0.06998166861831129,0.0,-0.06998166861831129,0.7822583799432953,2.5595397693751763e-06,0.034990834309155644,SCHEDULED_REBALANCE
2022-09-02,AMD.OQ,0.07951079072206753,0.06197877417628172,-0.01753201654578581,2.4922118380075053,2.042886274976607e-06,0.008766008272892905,SCHEDULED_REBALANCE
2022-09-02,DELL.N,0.06736355037946977,0.06197877417628172,-0.0053847762031880506,2.645852626008205,6.66132576416778e-07,0.0026923881015940253,SCHEDULED_REBALANCE
2022-09-02,AVGO.OQ,0.07738969667180857,0.06197877417628172,-0.015410922495526856,1.7993702204229205,1.2965119652732002e-06,0.007705461247763428,SCHEDULED_REBALANCE
2022-09-02,NVDA.OQ,0.0,0.061978774176281705,0.061978774176281705,0.7327349331375311,2.1233287672844234e-06,0.030989387088140852,SCHEDULED_REBALANCE
2022-09-02,SNPS.OQ,0.0,0.06197877417628172,0.06197877417628172,4.536724787151307,1.3146579771436408e-05,0.03098938708814086,SCHEDULED_REBALANCE
2022-09-02,DLR.N,0.0687804006408641,0.0,-0.0687804006408641,5.915409642118341,1.9022907246661408e-05,0.03439020032043205,SCHEDULED_REBALANCE
2022-09-02,ANET.N,0.0,0.061978774176281705,0.061978774176281705,4.262029578485032,1.2350564442538716e-05,0.030989387088140852,SCHEDULED_REBALANCE
2022-09-02,ON.OQ,0.10587375969216213,0.0,-0.10587375969216213,1.4811523365164638,7.3318813428998365e-06,0.052936879846081066,SCHEDULED_REBALANCE
2022-09-02,TXN.OQ,0.08121921988683287,0.0,-0.08121921988683287,0.6134781141677191,2.329620889154217e-06,0.04060960994341643,SCHEDULED_REBALANCE
2022-09-02,CDNS.OQ,0.0,0.06197877417628172,0.06197877417628172,1.1892020454281265,3.4460850697520592e-06,0.03098938708814086,SCHEDULED_REBALANCE
2022-10-04,AMZN.OQ,0.0,0.0783760751326015,0.0783760751326015,7.4309540519343935,2.7483216390271554e-05,0.03918803756630075,SCHEDULED_REBALANCE
2022-10-04,SPY.P,-0.8255385221970977,-0.9718961934555642,-0.14635767125846655,0.2645957638215805,1.8274177861167116e-06,0.07317883562923327,SCHEDULED_REBALANCE
2022-10-04,HPE.N,0.06013250578917394,0.08806275399726371,0.027930248208089772,7.78513040093405,1.0260774814662713e-05,0.013965124104044886,SCHEDULED_REBALANCE
2022-10-04,MPWR.OQ,0.05712586319262575,0.009202342133449191,-0.047923521059176556,2.029581145190758,4.589808954396983e-06,0.023961760529588278,SCHEDULED_REBALANCE
2022-10-04,CSCO.OQ,0.0,0.0783760751326015,0.0783760751326015,2.3909145248052623,8.842743582671053e-06,0.03918803756630075,SCHEDULED_REBALANCE
2022-10-04,IBM.N,0.0,0.07837607513260149,0.07837607513260149,2.3907239909153395,8.842038897365525e-06,0.039188037566300744,SCHEDULED_REBALANCE
2022-10-04,AMD.OQ,0.0519648563322225,0.00837096124521012,-0.043593895087012384,1.472211998528541,3.0285552270258646e-06,0.021796947543506192,SCHEDULED_REBALANCE
2022-10-04,DELL.N,0.060872586821296065,0.009805897699764962,-0.0510666891215311,2.669870511279672,6.433797241348912e-06,0.02553334456076555,SCHEDULED_REBALANCE
2022-10-04,AVGO.OQ,0.059410320277790904,0.08794641793180843,0.02853609765401753,3.7507814127944745,5.050749246668254e-06,0.014268048827008765,SCHEDULED_REBALANCE
2022-10-04,NVDA.OQ,0.059266212528314675,0.0879232037737958,0.02865699124548112,0.7592726168326531,1.0267572978655671e-06,0.01432849562274056,SCHEDULED_REBALANCE
2022-10-04,SNPS.OQ,0.05976289645275726,0.009627138905362966,-0.05013575754739429,1.8649177882075736,4.412114180107413e-06,0.025067878773697146,SCHEDULED_REBALANCE
2022-10-04,ANET.N,0.06324639103828014,0.010188291196189747,-0.053058099842090395,0.8277803071069173,2.0725559000507364e-06,0.026529049921045197,SCHEDULED_REBALANCE
2022-10-04,ORCL.N,0.0,0.0783760751326015,0.0783760751326015,3.044603440401282,1.1260397331259456e-05,0.03918803756630075,SCHEDULED_REBALANCE
2022-10-04,CDNS.OQ,0.0625627409387498,0.010078162757618393,-0.05248457818113141,1.7511601435951982,4.337076127597911e-06,0.026242289090565706,SCHEDULED_REBALANCE
2022-10-04,AMT.N,0.0,0.0783760751326015,0.0783760751326015,5.904394231860812,2.18372692380543e-05,0.03918803756630075,SCHEDULED_REBALANCE
2022-10-04,TSLA.OQ,0.0,0.0783760751326015,0.0783760751326015,4.807499699530312,1.7780429486569453e-05,0.03918803756630075,SCHEDULED_REBALANCE
2022-11-02,AMZN.OQ,0.05983383979366468,0.1,0.04016616020633532,4.344520473553411,8.205856567433004e-06,0.02008308010316766,SCHEDULED_REBALANCE
2022-11-02,SPY.P,-0.9672994693574685,-0.8749157685508736,0.09238370080659486,0.53350405463033,2.3176872802923626e-06,0.04619185040329743,SCHEDULED_REBALANCE
2022-11-02,HPE.N,0.09627973447865322,0.0,-0.09627973447865322,7.140307033202276,3.232760477537914e-05,0.04813986723932661,SCHEDULED_REBALANCE
2022-11-02,MPWR.OQ,0.007840737183666149,0.0,-0.007840737183666149,5.080465609731061,1.873191463570478e-06,0.003920368591833074,SCHEDULED_REBALANCE
2022-11-02,CSCO.OQ,0.08382234950876892,0.1,0.016177650491231085,2.243913384942895,1.7070384162298675e-06,0.008088825245615543,SCHEDULED_REBALANCE
2022-11-02,IBM.N,0.08575092733357416,0.09999999999999998,0.014249072666425819,3.653234939537716,2.44785653585239e-06,0.007124536333212909,SCHEDULED_REBALANCE
2022-11-02,AMD.OQ,0.007253425654395381,0.1,0.09274657434560463,3.411222923418579,1.4877492374110124e-05,0.04637328717280231,SCHEDULED_REBALANCE
2022-11-02,DELL.N,0.009989877293058929,0.0,-0.009989877293058929,2.652871733653035,1.2462298900474548e-06,0.0049949386465294645,SCHEDULED_REBALANCE
2022-11-02,ZBRA.OQ,0.0,0.1,0.1,0.4236839317865016,1.9923413605449294e-06,0.05,SCHEDULED_REBALANCE
2022-11-02,AVGO.OQ,0.08387156217064701,0.1,0.016128437829353,2.41230715248976,1.8295600402436267e-06,0.0080642189146765,SCHEDULED_REBALANCE
2022-11-02,NVDA.OQ,0.08857945104496634,0.0,-0.08857945104496634,6.051894999622434,2.5208449025976615e-05,0.04428972552248317,SCHEDULED_REBALANCE
2022-11-02,SNPS.OQ,0.008441899646477818,0.0,-0.008441899646477818,10.321570302351557,4.097393907515834e-06,0.004220949823238909,SCHEDULED_REBALANCE
2022-11-02,ANET.N,0.010581936296283153,0.0,-0.010581936296283153,1.598976654941656,7.956627437107195e-07,0.005290968148141576,SCHEDULED_REBALANCE
2022-11-02,ORCL.N,0.0904021265327739,0.0,-0.0904021265327739,3.995471798628373,1.6985114283706014e-05,0.04520106326638695,SCHEDULED_REBALANCE
2022-11-02,CDNS.OQ,0.008564522336601148,0.1,0.09143547766339885,1.3785497656472452,5.927327775582251e-06,0.045717738831699425,SCHEDULED_REBALANCE
2022-11-02,AMT.N,0.07388302173315257,0.0,-0.07388302173315257,9.748964172556112,3.387075526659186e-05,0.03694151086657629,SCHEDULED_REBALANCE
2022-11-02,TSLA.OQ,0.06778493514734432,0.0,-0.06778493514734432,3.257404779077837,1.038309126312848e-05,0.03389246757367216,SCHEDULED_REBALANCE
2022-12-02,AMZN.OQ,0.09916102023841429,0.0,-0.09916102023841429,2.124946876327669,1.0210428389626727e-05,0.049580510119207145,FINAL_SPLIT_LIQUIDATION
2022-12-02,SPY.P,-0.9216176379021996,0.0,0.9216176379021996,0.4915695816738389,2.19528383128015e-05,0.4608088189510998,FINAL_SPLIT_LIQUIDATION
2022-12-02,CSCO.OQ,0.10821329265070409,0.0,-0.10821329265070409,2.011465352508903,1.0547464397309007e-05,0.054106646325352045,FINAL_SPLIT_LIQUIDATION
2022-12-02,IBM.N,0.10670714666636903,0.0,-0.10670714666636903,0.6726532808657657,3.478080840756479e-06,0.053353573333184516,FINAL_SPLIT_LIQUIDATION
2022-12-02,AMD.OQ,0.12410589159325852,0.0,-0.12410589159325852,1.3334222281492254,8.018903545597013e-06,0.06205294579662926,FINAL_SPLIT_LIQUIDATION
2022-12-02,ZBRA.OQ,0.11300852144093108,0.0,-0.11300852144093108,6.910975720651005,3.784473427523656e-05,0.05650426072046554,FINAL_SPLIT_LIQUIDATION
2022-12-02,AVGO.OQ,0.11508272219630492,0.0,-0.11508272219630492,0.3697472777348059,2.0619114560959237e-06,0.05754136109815246,FINAL_SPLIT_LIQUIDATION
2022-12-02,CDNS.OQ,0.11532997676839217,0.0,-0.11532997676839217,2.900147907543944,1.6207545600828405e-05,0.057664988384196085,FINAL_SPLIT_LIQUIDATION
